archive,path,temperature_c,pressure_bar,ramp,status,invalid_reason,support_distance,supported,fusion,score_60000,energy_score_60000,confirmed_60000,score_120000,energy_score_120000,confirmed_120000,score_180000,energy_score_180000,confirmed_180000,score_260000,energy_score_260000,confirmed_260000,score_300000,energy_score_300000,confirmed_300000
baseline,T25_Baseline/25-06-02_09-59-00_GW_Baseline_T25_100bar.h5,25,100,random,complete,,0.5373502373665935,True,no_alarm,0.1252338888921908,0.10411482197897774,False,0.2782364402498518,0.17998772433825902,False,0.2619307812835489,0.1012268236705235,False,0.35505876903023037,0.21474697121552058,False,0.42965548591954367,0.3065414960895266,False
baseline,T25_Baseline/25-06-02_10-04-33_GW_Baseline_T25_650bar.h5,25,650,random,complete,,0.5293928512242333,True,no_alarm,0.07143187017313071,0.022235540407044545,False,0.2174635593380247,0.041985860892704556,False,0.19962302914687566,0.04171082377433777,False,0.25454806110688616,0.03890100121498108,False,0.4559876322746277,0.056897529533931186,False
baseline,T25_Baseline/25-06-02_10-10-03_GW_Baseline_T25_700bar.h5,25,700,random,complete,,0.6687829973509981,True,no_alarm,0.07106955455882209,0.0294208824634552,False,0.2478743599993842,0.04524799968515124,False,0.3341574211205755,0.04899313833032336,False,0.31813626417091917,0.05951550602912903,False,0.4496187088744981,0.059252064142908366,False
baseline,T25_Baseline/25-06-02_10-15-27_GW_Baseline_T25_300bar.h5,25,300,random,complete,,0.4477870076679134,True,no_alarm,0.08705017529428005,0.024637375559125627,False,0.25957245592560085,0.04055486193725041,False,0.2464200864945139,0.060052433184215,False,0.34742446563073565,0.08932624118668693,False,0.478828778224332,0.1001109778881073,False
baseline,T25_Baseline/25-06-02_10-20-45_GW_Baseline_T25_150bar.h5,25,150,random,complete,,0.4760175821240551,True,no_alarm,0.0895081383309194,0.03893453095640455,False,0.23195412755012512,0.07283840009144374,False,0.2341294065117836,0.05179583600589207,False,0.3369418904185295,0.09922030568122864,False,0.4565007282154901,0.11863599930490766,False
baseline,T25_Baseline/25-06-02_10-26-06_GW_Baseline_T25_350bar.h5,25,350,random,complete,,0.47141530640698126,True,no_alarm,0.07236336278063911,0.019261851906776428,False,0.20741828052060945,0.03481543915612357,False,0.22256561954106605,0.03258237029824938,False,0.2724827251264027,0.04187251201697758,False,0.4610883157168116,0.04849943731512342,False
baseline,T25_Baseline/25-06-02_10-31-54_GW_Baseline_T25_500bar.h5,25,500,random,complete,,0.5395926094025248,True,no_alarm,0.08344804921320506,0.021585253732545034,False,0.24194041692784854,0.0538102069071361,False,0.2533014432660171,0.0863741785287857,False,0.2710296964006765,0.06483565058026995,False,0.456583525453295,0.06128106372697013,False
baseline,T25_Baseline/25-06-02_10-37-48_GW_Baseline_T25_600bar.h5,25,600,random,complete,,0.4845762635063786,True,no_alarm,0.07603753118642739,0.02404737046786717,False,0.227921157010964,0.03912818218980517,False,0.30176357499190737,0.06037554144859314,False,0.28903475190911976,0.042618127805846076,False,0.45580911210605074,0.05434441140719822,False
baseline,T25_Baseline/25-06-02_10-45-12_GW_Baseline_T25_250bar.h5,25,250,random,complete,,0.4470670669134388,True,no_alarm,0.109037259593606,0.027845550860677446,False,0.271938827420984,0.06876114862305778,False,0.24986447766423225,0.06891818344593048,False,0.27239805992160526,0.09749966434070043,False,0.46086574132953373,0.08360548956053597,False
baseline,T25_Baseline/25-06-02_10-50-42_GW_Baseline_T25_550bar.h5,25,550,random,complete,,0.5069805782352875,True,no_alarm,0.07505150511860847,0.02115301149232047,False,0.22670984055314744,0.05235800785677774,False,0.3013991766742298,0.0677814611366817,False,0.2856621891260147,0.05318562260695866,False,0.4543860469545637,0.06131133437156677,False
baseline,T25_Baseline/25-06-02_11-01-48_GW_Baseline_T25_450bar.h5,25,450,random,complete,,0.5347226455501151,True,no_alarm,0.09087312487619263,0.023107545716421946,False,0.2601112388074398,0.06711833817618233,False,0.27139508724212646,0.0950855016708374,False,0.29210335867745535,0.07573430665901729,False,0.46150825917720795,0.07113484186785561,False
baseline,T25_Baseline/25-06-02_11-07-06_GW_Baseline_T25_400bar.h5,25,400,random,complete,,0.5059282361891502,True,no_alarm,0.07129562034138612,0.02291543356009892,False,0.21104821296674864,0.05346288851329258,False,0.26631124690175056,0.0815640709229878,False,0.26824231818318367,0.07781775295734406,False,0.4460227223379271,0.05693998294217246,False
baseline,T25_Baseline/25-06-02_11-12-27_GW_Baseline_T25_50bar.h5,25,50,random,complete,,0.6619002080094963,True,no_alarm,0.08096097010586943,0.013839649302618844,False,0.19458701567990438,0.028491254363741194,False,0.30597027604069027,0.030014448932238987,False,0.36535139062574934,0.03662054666451046,False,0.3747905120253563,0.046232253313064575,False
baseline,T25_Baseline/25-06-02_11-17-51_GW_Baseline_T25_200bar.h5,25,200,random,complete,,0.4865130136664129,True,no_alarm,0.12781631467597826,0.04960314503737858,False,0.27781506681016516,0.10966712023530688,False,0.25761314800807406,0.09715907062802996,False,0.29777061300618307,0.1445153568472181,False,0.45512411636965616,0.13787333880152022,False
irreversible,T25_Irreversible_Damage/25-06-13_08-52-27_GW_ID_T25_700bar.h5,25,700,descending,complete,,0.6645156962391062,True,alarm,0.23244329967669078,0.14842416133199418,False,0.5337055304220745,0.23912312941891806,True,0.7938285427434104,0.21168242607797896,True,0.627051904797554,0.37785014510154724,False,0.6548026693718774,0.4363310954400471,True
irreversible,T25_Irreversible_Damage/25-06-13_08-58-57_GW_ID_T25_650bar.h5,25,650,descending,complete,,0.44652436992094013,True,alarm,0.22787303530744143,0.14595119868006026,False,0.536817131297929,0.24423096648284368,True,0.7929925003222057,0.2151306825024741,True,0.6287551820278168,0.3878105580806732,False,0.6612164037568229,0.43766509209360394,True
irreversible,T25_Irreversible_Damage/25-06-13_09-05-30_GW_ID_T25_600bar.h5,25,600,descending,complete,,0.4504354335612908,True,alarm,0.22681711028729165,0.14086016586848668,False,0.5375548845955304,0.243049789752279,True,0.7934635622160775,0.2141748113291604,True,0.6270497867039272,0.38629274708884104,False,0.6618929547922952,0.4317471512726375,True
irreversible,T25_Irreversible_Damage/25-06-13_09-11-54_GW_ID_T25_550bar.h5,25,550,descending,complete,,0.44712279360110735,True,alarm,0.22965276507394655,0.13497653816427505,False,0.5354997366666794,0.23858579780374253,True,0.7913879730871746,0.21199525679860795,True,0.6254182841096606,0.3780467744384493,False,0.662649216396468,0.4231196088450296,True
irreversible,T25_Irreversible_Damage/25-06-13_09-18-12_GW_ID_T25_500bar.h5,25,500,descending,complete,,0.4462175621416121,True,alarm,0.23494078112500055,0.12755993008613586,False,0.5303337105682918,0.23656063207558223,True,0.7897928271974836,0.21279604520116532,True,0.6269534655979702,0.3736221471003124,False,0.6553567733083453,0.41569281263010843,True
irreversible,T25_Irreversible_Damage/25-06-13_09-24-27_GW_ID_T25_450bar.h5,25,450,descending,complete,,0.4490447453032876,True,alarm,0.24691593274474144,0.12149432301521301,False,0.5429462332810674,0.2340875438281468,True,0.7974537440708706,0.21338956909520285,True,0.6316788856472287,0.3664877180542265,False,0.6488007094178881,0.4073549189737865,True
irreversible,T25_Irreversible_Damage/25-06-13_09-31-24_GW_ID_T25_400bar.h5,25,400,descending,complete,,0.4425120690512929,True,alarm,0.24341124349406787,0.11372397840023041,False,0.5667163346494947,0.2246502786874771,True,0.8049515315464565,0.21686831542423793,True,0.6366343604666846,0.3544836491346359,False,0.6392399668693542,0.39349481037684847,True
irreversible,T25_Irreversible_Damage/25-06-13_09-43-42_GW_ID_T25_350bar.h5,25,350,descending,complete,,0.44627019932619266,True,alarm,0.2315247846501214,0.1089834017413003,False,0.6051075415951865,0.2265706275190626,True,0.792860039642879,0.20877339797360556,True,0.655454335468156,0.3531252635376794,False,0.6323885662215096,0.38439673611095976,True
irreversible,T25_Irreversible_Damage/25-06-13_09-50-12_GW_ID_T25_300bar.h5,25,300,descending,complete,,0.44462262881080733,True,alarm,0.21962141298821994,0.10615350306034088,False,0.5959727061646325,0.235065758228302,True,0.7903743939740318,0.20034428153719222,True,0.6586736249072211,0.34452537979398457,False,0.6188433063881738,0.37339059157030924,True
irreversible,T25_Irreversible_Damage/25-06-13_09-56-45_GW_ID_T25_250bar.h5,25,250,descending,complete,,0.4507751205085784,True,alarm,0.22517526575497218,0.09978218376636505,False,0.5492286192519324,0.2342434035880225,True,0.7852676553385598,0.2020273847239358,True,0.6662717546735492,0.3352558655398233,False,0.6166084642921176,0.36724147839205606,True
irreversible,T25_Irreversible_Damage/25-06-13_10-03-09_GW_ID_T25_200bar.h5,25,200,descending,complete,,0.4494022726373288,True,alarm,0.2383531012705394,0.09602447279861995,False,0.5933639279433659,0.20639124725546157,True,0.7983300068548748,0.22479559694017684,True,0.6771864082132067,0.3233530265944345,False,0.6072138249874115,0.3610655793121883,True
irreversible,T25_Irreversible_Damage/25-06-13_10-09-27_GW_ID_T25_150bar.h5,25,150,descending,complete,,0.452426106988152,True,alarm,0.2580763027071953,0.08673912712505885,False,0.6043637469410896,0.22764014559132711,True,0.8081536846501487,0.23929378816059657,True,0.7038964884621757,0.3034313789435795,False,0.6098619678190776,0.3564877765519278,True
irreversible,T25_Irreversible_Damage/25-06-13_10-15-45_GW_ID_T25_100bar.h5,25,100,descending,complete,,0.4424644913356634,True,alarm,0.2764714104788644,0.0675089316708701,False,0.5398597578917231,0.20353569303240096,True,0.8000871815851757,0.24030356109142303,True,0.7859701748405185,0.2357119279248374,False,0.6248136056321008,0.2604005400623594,True
irreversible,T25_Irreversible_Damage/25-06-13_10-22-42_GW_ID_T25_50bar.h5,25,50,descending,complete,,0.6615613883037328,True,alarm,0.2861735544034413,0.07124600027288709,False,0.5845513237374169,0.27822152418749674,True,0.7945772792611804,0.28385160650525776,True,0.8396136739424297,0.23887066968849727,False,0.6758109480142593,0.19292716681957245,True
irreversible,T25_Irreversible_Damage/25-06-13_10-36-09_GW_ID_T25_100bar.h5,25,100,random,complete,,0.47511178351152156,True,alarm,0.2775820270180702,0.15562749334744044,False,0.5624052137136459,0.27496834099292755,True,0.7804095127752849,0.24885659558432444,True,0.7690542468002864,0.3534770118338721,False,0.6074243422065463,0.46396593749523163,True
irreversible,T25_Irreversible_Damage/25-06-13_10-41-45_GW_ID_T25_650bar.h5,25,650,random,complete,,0.45486665369159907,True,no_alarm,0.2165427160050188,0.14151555938380106,False,0.5132621005177498,0.22426715918949672,True,0.6965067833662033,0.21920289950711386,False,0.5956631941454751,0.37821691802569796,False,0.6413082714591708,0.4276903761284692,True
irreversible,T25_Irreversible_Damage/25-06-13_10-47-12_GW_ID_T25_700bar.h5,25,700,random,complete,,0.6153707215478811,True,no_alarm,0.2275754532643727,0.15154597801821573,False,0.4813909818019186,0.24853130323546274,False,0.6174447664192745,0.22564063966274261,False,0.5626757804836545,0.3982664666005543,False,0.6235571418489728,0.44956176408699583,True
irreversible,T25_Irreversible_Damage/25-06-13_10-52-33_GW_ID_T25_300bar.h5,25,300,random,complete,,0.43187146537433574,True,no_alarm,0.20375420791762217,0.09958218889577049,False,0.6034590346472604,0.2360966695206506,True,0.717027987752642,0.1933014499289649,False,0.6175818996770042,0.32319216217313496,False,0.6016673850161689,0.36620321444102694,True
irreversible,T25_Irreversible_Damage/25-06-13_10-57-54_GW_ID_T25_150bar.h5,25,150,random,complete,,0.448062296850096,True,alarm,0.24862257657306536,0.07706097619874137,False,0.5986674023526055,0.21817950691495622,True,0.76286167544978,0.22907500181879317,True,0.673610270023346,0.26445457977908,False,0.5907174923590252,0.32611646183899473,True
irreversible,T25_Irreversible_Damage/25-06-13_11-03-12_GW_ID_T25_350bar.h5,25,350,random,complete,,0.44874639829216223,True,no_alarm,0.2153791588331972,0.11234145717961448,False,0.5824449488094875,0.23446601842130935,True,0.7097091334206718,0.2131234130689076,False,0.6135800757578441,0.36192152329853605,False,0.6102325724703925,0.39175248784678324,True
irreversible,T25_Irreversible_Damage/25-06-13_11-09-03_GW_ID_T25_500bar.h5,25,500,random,complete,,0.4616731059757649,True,no_alarm,0.24675630618418967,0.12487202669892992,False,0.5346136135714394,0.23967960476875305,True,0.6993954862867083,0.24259724361555918,False,0.6156634794814246,0.3760959484747478,False,0.6616540168012891,0.4087915058646883,True
irreversible,T25_Irreversible_Damage/25-06-13_11-14-57_GW_ID_T25_600bar.h5,25,600,random,complete,,0.4474855268625759,True,no_alarm,0.22880403431398527,0.13793496574674333,False,0.5160641478640693,0.23412942247731344,True,0.6431357200656619,0.22779105603694916,False,0.5941573360136577,0.3866299773965563,False,0.6444581236158099,0.4259662606886455,True
irreversible,T25_Irreversible_Damage/25-06-13_11-22-24_GW_ID_T25_250bar.h5,25,250,random,complete,,0.44537109456503743,True,no_alarm,0.24138606073600904,0.1097938482250486,False,0.532092102936336,0.2358940648181098,True,0.6995708708252225,0.2252194540841239,False,0.6471224512372699,0.37118511327675413,False,0.6126313550131661,0.39129391738346647,True
irreversible,T25_Irreversible_Damage/25-06-13_11-27-54_GW_ID_T25_550bar.h5,25,550,random,complete,,0.4468153970184563,True,no_alarm,0.2291043901017734,0.1303536913224629,False,0.5193298969949994,0.23045211817537034,True,0.6483164323227746,0.22638526346002305,False,0.5992099067994526,0.37443265318870544,False,0.64630283841065,0.4139757369245802,True
irreversible,T25_Irreversible_Damage/25-06-13_11-39-00_GW_ID_T25_450bar.h5,25,450,random,complete,,0.46362116152301114,True,no_alarm,0.25508508192641394,0.11751670283930642,False,0.5442837114845004,0.22974303364753723,True,0.7025092627320971,0.24820849299430847,False,0.6281440130301884,0.3732538308416094,False,0.6577174514532089,0.40107730882508413,True
irreversible,T25_Irreversible_Damage/25-06-13_11-44-18_GW_ID_T25_400bar.h5,25,400,random,complete,,0.44020699033569377,True,no_alarm,0.23258743381925992,0.11877948471478053,False,0.5396007022687367,0.23412770884377615,True,0.6909774179969516,0.24109319491045816,False,0.6166412681341171,0.3800064985241209,False,0.6259577465908868,0.40221981917108807,True
irreversible,T25_Irreversible_Damage/25-06-13_11-49-39_GW_ID_T25_50bar.h5,25,50,random,complete,,0.6661813094383913,True,no_alarm,0.2579957688493388,0.07253278579030718,False,0.542923381286008,0.26070622886930195,True,0.6932198043380465,0.27702116327626364,False,0.7335465252399445,0.22724264434405736,False,0.6143493375607899,0.16867925013814652,True
irreversible,T25_Irreversible_Damage/25-06-13_11-54-57_GW_ID_T25_200bar.h5,25,200,random,complete,,0.4468956542287291,True,no_alarm,0.24446153002125875,0.12240787063326154,False,0.5695563437683242,0.24673869567258017,True,0.7133013925382069,0.24590696394443512,False,0.6516090674059731,0.3960743099451065,False,0.5938764235803059,0.42467572007860455,True
reversible,T25_Reversible_Damage/25-06-06_11-21-52_GW_RD_T25_700bar.h5,25,700,descending,complete,,0.6967072461544553,True,no_alarm,0.2163325303367206,0.1382833868265152,False,0.4635600277355739,0.23916715596403396,False,0.8347347974777222,0.23104760902268545,True,0.6731290923697608,0.2926654326064246,False,0.6638325793402535,0.3549308478832245,True
reversible,T25_Reversible_Damage/25-06-06_11-28-25_GW_RD_T25_650bar.h5,25,650,descending,complete,,0.5162247976999803,True,no_alarm,0.2136623210140637,0.1316917964390346,False,0.4467562000666346,0.22665930220058986,False,0.8205377587250301,0.21967293747833797,True,0.6677983147757394,0.29329249475683483,False,0.668902759041105,0.3508898488112858,True
reversible,T25_Reversible_Damage/25-06-06_11-34-55_GW_RD_T25_600bar.h5,25,600,descending,complete,,0.4943090495094879,True,no_alarm,0.21416908555797168,0.12122103784765516,False,0.4492746591567993,0.21358616650104523,False,0.8251498426709857,0.20645636532987868,True,0.661953370485987,0.2849513760634831,False,0.6572325591530118,0.33821787365845274,True
reversible,T25_Reversible_Damage/25-06-06_11-41-19_GW_RD_T25_550bar.h5,25,550,descending,complete,,0.47095083200070126,True,no_alarm,0.21509305866701262,0.10911029364381518,False,0.44899693237883703,0.20146649650165013,False,0.8236246215445655,0.1944869671549116,True,0.6568174851792199,0.2709717260939734,False,0.6505109284605298,0.3225740300757544,True
reversible,T25_Reversible_Damage/25-06-06_11-47-37_GW_RD_T25_500bar.h5,25,500,descending,complete,,0.4645958426933906,True,no_alarm,0.21908074031983102,0.09986669250896998,False,0.45739637528147015,0.19387962775571005,False,0.8214221383844104,0.18301066543374742,True,0.6568903199263981,0.2573488546269281,False,0.6385294198989868,0.3065165025847299,True
reversible,T25_Reversible_Damage/25-06-06_11-53-58_GW_RD_T25_450bar.h5,25,450,descending,complete,,0.4553446321688576,True,no_alarm,0.22618313985211508,0.08878469892910548,False,0.4603138044476509,0.18084955641201564,False,0.8260520973375866,0.176985536302839,True,0.6584536177771432,0.24390398391655513,False,0.6303676175219672,0.28885567826884134,True
reversible,T25_Reversible_Damage/25-06-06_12-00-52_GW_RD_T25_400bar.h5,25,400,descending,complete,,0.44153640542506856,True,alarm,0.22916258977992193,0.07639955835683006,False,0.5047951713204384,0.16578390555722372,True,0.8265967922551292,0.1740350297519139,True,0.666715960417475,0.22316086718014308,False,0.6138649263552257,0.2630422051463808,True
reversible,T25_Reversible_Damage/25-06-06_12-13-10_GW_RD_T25_350bar.h5,25,350,descending,complete,,0.4484497219635296,True,alarm,0.2088933757373265,0.08006454152720315,False,0.558597920196397,0.17672802720751082,True,0.8081592640706471,0.17008752056530543,True,0.6639414770262582,0.2402115911245346,False,0.5960588327475956,0.27749860499586376,True
reversible,T25_Reversible_Damage/25-06-06_12-19-37_GW_RD_T25_300bar.h5,25,300,descending,complete,,0.44983294709144095,True,alarm,0.19749144730823381,0.07382177242210933,False,0.6049784187759671,0.19146552894796645,True,0.8004518342869622,0.1609905638865062,True,0.6607308728354317,0.22521253781659262,False,0.5891860893794468,0.25876715779304504,True
reversible,T25_Reversible_Damage/25-06-06_12-26-10_GW_RD_T25_250bar.h5,25,250,descending,complete,,0.44902876530818464,True,no_alarm,0.1988201407449586,0.05825670489243099,False,0.6356620000941413,0.2049374771969659,True,0.7882337250879833,0.15002426079341344,True,0.6658298969268799,0.20416208888803208,False,0.5758361135210309,0.23174686942781722,False
reversible,T25_Reversible_Damage/25-06-06_12-32-37_GW_RD_T25_200bar.h5,25,200,descending,complete,,0.4479234790438678,True,no_alarm,0.20984106244785444,0.04756461296762739,False,0.6697459497622081,0.20988867112568446,True,0.7922096678188869,0.1497955322265625,True,0.6872147044965199,0.18173325061798096,False,0.5767844830240522,0.17184420355728694,False
reversible,T25_Reversible_Damage/25-06-06_12-38-58_GW_RD_T25_150bar.h5,25,150,descending,complete,,0.44943858226725697,True,alarm,0.2293719755751746,0.053489476442337036,False,0.5855790600180626,0.1821868802819933,True,0.802994755761964,0.15473236569336482,True,0.7426736567701612,0.18880826660564967,False,0.5872850907700402,0.17144573586327688,True
reversible,T25_Reversible_Damage/25-06-06_12-45-13_GW_RD_T25_100bar.h5,25,100,descending,complete,,0.4425635525025997,True,no_alarm,0.24863876455596515,0.05664402672222683,False,0.4588154064757483,0.14461070512022292,False,0.8109821485621589,0.163466962320464,True,0.8180199840239116,0.15544037095138005,False,0.6244717559644154,0.16487880689757212,True
reversible,T25_Reversible_Damage/25-06-06_12-52-07_GW_RD_T25_50bar.h5,25,50,descending,complete,,0.6618888918310456,True,no_alarm,0.244463749229908,0.06180659362248012,False,0.432007623570306,0.13352841351713454,False,0.8012229970523289,0.17464290346418107,True,0.8341062239238194,0.14483479729720525,False,0.6551110169717244,0.14935784467629024,True
reversible,T25_Reversible_Damage/25-06-06_13-05-34_GW_RD_T25_100bar.h5,25,100,random,complete,,0.4701384438854391,True,no_alarm,0.2518096316073622,0.12325472704001836,False,0.4824119455048016,0.23614613286086492,False,0.7838527453797204,0.19245804420539311,True,0.7877528156552996,0.2800752541848591,False,0.6001227519341877,0.385659539273807,True
reversible,T25_Reversible_Damage/25-06-06_13-11-07_GW_RD_T25_650bar.h5,25,650,random,complete,,0.4441950516441313,True,no_alarm,0.1975187962608678,0.11836407227175576,False,0.4111942542450769,0.18023316349302018,False,0.7620439784867423,0.18705904058047704,True,0.6000511390822274,0.27498423627444674,False,0.6151681755270276,0.3326032566172736,True
reversible,T25_Reversible_Damage/25-06-06_13-16-37_GW_RD_T25_700bar.h5,25,700,random,complete,,0.606280828090298,True,no_alarm,0.20834295079112053,0.12673337118966238,False,0.38795905240944456,0.2045563076223646,False,0.672813647559711,0.19311276503971644,False,0.5633877643517086,0.3011457175016403,False,0.5959328860044479,0.35434732692582266,True
reversible,T25_Reversible_Damage/25-06-06_13-22-01_GW_RD_T25_300bar.h5,25,300,random,complete,,0.42002666523272436,True,no_alarm,0.174368467181921,0.0588143914937973,False,0.5182581927095141,0.1450558304786682,True,0.7681641089064735,0.15250935086182185,True,0.6021857900278909,0.17320864754063742,False,0.5623705355184418,0.21121073407786234,False
reversible,T25_Reversible_Damage/25-06-06_13-27-19_GW_RD_T25_150bar.h5,25,150,random,complete,,0.45269181204389636,True,no_alarm,0.21511661846722877,0.05815981754234859,False,0.6146335591162954,0.19595116802624293,True,0.7894484890358788,0.1635679921933583,True,0.6903265118598938,0.17883536432470595,False,0.5534400620630809,0.14897567459515162,False
reversible,T25_Reversible_Damage/25-06-06_13-32-40_GW_RD_T25_350bar.h5,25,350,random,complete,,0.44378947495445037,True,no_alarm,0.19096084418041365,0.08419850042888097,False,0.4982772799474852,0.17132621790681565,True,0.7594413054840905,0.17248124309948512,True,0.597121828368732,0.2529843619891575,False,0.5563290278826442,0.2890334278345108,False
reversible,T25_Reversible_Damage/25-06-06_13-38-31_GW_RD_T25_500bar.h5,25,500,random,complete,,0.45051704064886167,True,no_alarm,0.21979777940682002,0.09700666793755122,False,0.4430111455065863,0.1850204680647169,False,0.7452597788402012,0.198277833206313,True,0.6053596202816282,0.26994664115565165,False,0.6134972338165555,0.3077502357108252,True
reversible,T25_Reversible_Damage/25-06-06_13-44-25_GW_RD_T25_600bar.h5,25,600,random,complete,,0.44616719655279324,True,no_alarm,0.20901972268308913,0.1093657740524837,False,0.41485078100647244,0.18112839332648686,False,0.6936588159629277,0.19081162129129683,False,0.5797613944326129,0.27936357046876636,False,0.6030688562563488,0.3232571291072028,True
reversible,T25_Reversible_Damage/25-06-06_13-51-52_GW_RD_T25_250bar.h5,25,250,random,complete,,0.4259094318577774,True,no_alarm,0.2067923487297126,0.07647038144724709,False,0.48084072342940737,0.1798008212021419,False,0.7293279745749065,0.1778013770069395,True,0.6228603018181664,0.2528871127537319,False,0.5638222779546466,0.2764887682029179,False
reversible,T25_Reversible_Damage/25-06-06_13-57-22_GW_RD_T25_550bar.h5,25,550,random,complete,,0.4506480129866197,True,no_alarm,0.20712645777634212,0.10127060328211103,False,0.4258036794407027,0.17415830067225865,False,0.6955465844699315,0.18445411324501038,False,0.582857357604163,0.26736909789698465,False,0.6037987364189965,0.31070721788065775,True
reversible,T25_Reversible_Damage/25-06-06_14-08-25_GW_RD_T25_450bar.h5,25,450,random,complete,,0.45534221496018884,True,no_alarm,0.22521546429821424,0.09216012699263436,False,0.4583853217107909,0.18812153807708196,False,0.7213868115629468,0.19314591799463546,False,0.605907495532717,0.2693581538540976,False,0.6030171002660479,0.3005654364824295,True
reversible,T25_Reversible_Damage/25-06-06_14-13-43_GW_RD_T25_400bar.h5,25,400,random,complete,,0.4414385471278433,True,no_alarm,0.20943221396633557,0.0878688416310719,False,0.4830811119505337,0.18328565146241868,False,0.7177808859518596,0.1875354711498533,False,0.5920435275350299,0.27063444895403727,False,0.5721218309232167,0.29773345802511486,False
reversible,T25_Reversible_Damage/25-06-06_14-19-07_GW_RD_T25_50bar.h5,25,50,random,complete,,0.6682020981203376,True,no_alarm,0.21166985322322165,0.057378072823796956,False,0.36548870482615065,0.12322397104331426,False,0.7385580859013966,0.17028178487505233,True,0.756779704775129,0.12995581754616328,False,0.5599885966096606,0.13255323256765092,False
reversible,T25_Reversible_Damage/25-06-06_14-24-25_GW_RD_T25_200bar.h5,25,200,random,complete,,0.44786814646066125,True,no_alarm,0.20729016246540205,0.08381485087530953,False,0.5052864477038383,0.17327053206307547,True,0.7266045021159309,0.18694282003811427,True,0.6304133726017815,0.2744119997535433,False,0.5542381661278861,0.2967997533934457,False
baseline,T31_Baseline/25-06-03_09-32-35_GW_Baseline_T31_650bar.h5,31,650,random,complete,,0.45321119884639915,True,no_alarm,0.0708391834050417,0.018626287579536438,False,0.20955429385815347,0.03582603590829032,False,0.14560951558606966,0.03878876779760633,False,0.24057533698422567,0.04169324891907828,False,0.45536396758896963,0.05862159814153399,False
baseline,T31_Baseline/25-06-03_09-38-05_GW_Baseline_T31_700bar.h5,31,700,random,complete,,0.510860065234765,True,no_alarm,0.07037971355021,0.03506718150206974,False,0.21692786206092154,0.04322500101157597,False,0.17797812819480896,0.037204080394336154,False,0.2460993453860283,0.04015165993145534,False,0.44911762114082066,0.047404074243136814,False
baseline,T31_Baseline/25-06-03_09-43-29_GW_Baseline_T31_300bar.h5,31,300,random,complete,,0.4675243778094463,True,no_alarm,0.09234278010470527,0.019889512232371738,False,0.25093950224774225,0.05200647669179099,False,0.2541673369705677,0.0829356461763382,False,0.33243327481406076,0.11434199128832136,False,0.47136202986751286,0.10960015654563904,False
baseline,T31_Baseline/25-06-03_09-54-08_GW_Baseline_T31_350bar.h5,31,350,random,complete,,0.44892838543211583,True,no_alarm,0.07099047196762902,0.010878443717956543,False,0.19603133414472854,0.030220659715788706,False,0.15902710759213992,0.03907956395830427,False,0.2600547330720084,0.06000770841326032,False,0.4626725933381489,0.05460093702588763,False
baseline,T31_Baseline/25-06-03_09-59-56_GW_Baseline_T31_500bar.h5,31,500,random,complete,,0.4498663241196557,True,no_alarm,0.10005677863955498,0.018902706248419627,False,0.25528689101338387,0.051676277603421895,False,0.2789120839110443,0.08797538493360792,False,0.3115599368299757,0.08583075659615653,False,0.46604726037808825,0.07131834328174591,False
baseline,T31_Baseline/25-06-03_10-05-50_GW_Baseline_T31_600bar.h5,31,600,random,complete,,0.45313284566235446,True,no_alarm,0.08383051784975189,0.01573995820113591,False,0.2268954472882407,0.03694772507463183,False,0.2062778456934861,0.052221517477716715,False,0.25854345890028135,0.05145786276885441,False,0.4651144732322012,0.06284168362617493,False
baseline,T31_Baseline/25-06-03_10-13-14_GW_Baseline_T31_250bar.h5,31,250,random,complete,,0.5081364637978201,True,no_alarm,0.11254366966230529,0.02678087992327554,False,0.253929790109396,0.05723634362220764,False,0.2657215105635779,0.07657705460275922,False,0.3115466119987624,0.08930570738656181,False,0.46244785083191736,0.06978287441389901,False
baseline,T31_Baseline/25-06-03_10-18-44_GW_Baseline_T31_550bar.h5,31,550,random,complete,,0.44925834464315456,True,no_alarm,0.08484746648796967,0.021168542759759084,False,0.24567508697509766,0.045841217041015625,False,0.24158329835959844,0.06121895568711417,False,0.27593870939952986,0.07168365376336235,False,0.4630959023322378,0.07831488336835589,False
baseline,T31_Baseline/25-06-03_10-29-50_GW_Baseline_T31_450bar.h5,31,450,random,complete,,0.4407988767087974,True,no_alarm,0.11735873270247664,0.024392502648489817,False,0.28291488545281546,0.07070953505379814,False,0.32962737658194136,0.1047954580613545,False,0.353919937142304,0.1109238054071154,False,0.47225458387817654,0.07332298372473035,False
baseline,T31_Baseline/25-06-03_10-35-08_GW_Baseline_T31_400bar.h5,31,400,random,complete,,0.4472629691650777,True,no_alarm,0.08613228292337485,0.01990296585219247,False,0.23901014828256198,0.056658540453229635,False,0.2515420051557677,0.08295239508152008,False,0.2778348544878619,0.08845706922667367,False,0.45806421020201277,0.061335312468664985,False
baseline,T31_Baseline/25-06-03_10-40-29_GW_Baseline_T31_50bar.h5,31,50,random,complete,,0.5418385088520565,True,no_alarm,0.07581255478518349,0.011584697025162833,False,0.19476920472724096,0.02948078087397984,False,0.22388399818113872,0.02524061075278691,False,0.3223956376314163,0.0411640682390758,False,0.3694908374122211,0.05725298609052386,False
baseline,T31_Baseline/25-06-03_10-45-50_GW_Baseline_T31_200bar.h5,31,200,random,complete,,0.4854004778533055,True,no_alarm,0.12940853887370654,0.04812056677682059,False,0.3224925941654614,0.08867203337805611,False,0.2945008490766798,0.11312368512153625,False,0.3480835088661739,0.14048845427376883,False,0.4646019552435194,0.12653115604604995,False
irreversible,T31_Irreversible_Damage/25-06-13_14-47-10_GW_ID_T31_700bar.h5,31,700,descending,complete,,0.5157298509773751,True,no_alarm,0.194373719394207,0.14070733104433333,False,0.4740334078669548,0.23936722108295985,False,0.7787394374608994,0.2299146226474217,True,0.5736240169831684,0.3918984425919397,False,0.6169451964753014,0.43349159189632963,True
irreversible,T31_Irreversible_Damage/25-06-13_14-53-37_GW_ID_T31_650bar.h5,31,650,descending,complete,,0.5080070719640023,True,no_alarm,0.1958688103726932,0.13605554401874542,False,0.48545717554433004,0.24327412460531508,False,0.7739844279629844,0.24476483464241028,True,0.5746326978717532,0.39962972487722126,False,0.626281201839447,0.4296862802335194,True
irreversible,T31_Irreversible_Damage/25-06-13_15-00-10_GW_ID_T31_600bar.h5,31,600,descending,complete,,0.4796959503917918,True,alarm,0.20039777138403483,0.12987958320549556,False,0.4996728609715189,0.23944939247199468,True,0.7815773103918348,0.24992671396051133,True,0.577391043305397,0.4039092830249241,False,0.6258739424603326,0.4226021575076239,True
irreversible,T31_Irreversible_Damage/25-06-13_15-06-37_GW_ID_T31_550bar.h5,31,550,descending,complete,,0.47725897830104613,True,alarm,0.2038474790751934,0.1256950476339885,False,0.5038058789713042,0.2359941942351205,True,0.7933649101427623,0.2492025132690157,True,0.5838255201067243,0.4037839812891824,False,0.6241036355495453,0.4159318485430309,True
irreversible,T31_Irreversible_Damage/25-06-13_15-12-55_GW_ID_T31_500bar.h5,31,500,descending,complete,,0.47385240935350303,True,alarm,0.20816868117877416,0.12163956463336945,False,0.4982139712997845,0.23110451655728476,True,0.7898794774498258,0.2461817647729601,True,0.5876908855778831,0.3973853034632547,False,0.619806381208556,0.40478110526289257,True
irreversible,T31_Irreversible_Damage/25-06-13_15-19-10_GW_ID_T31_450bar.h5,31,450,descending,complete,,0.4587564712763098,True,alarm,0.2183478016938482,0.11843783089092799,False,0.49965284977640423,0.22665854011263167,True,0.7883482426404953,0.24898638682706015,True,0.6021990052291325,0.39019171254975454,False,0.6127195486000606,0.39433444823537556,True
irreversible,T31_Irreversible_Damage/25-06-13_15-26-07_GW_ID_T31_400bar.h5,31,400,descending,complete,,0.4543837697428947,True,alarm,0.23479268753102847,0.11573206952639989,False,0.5179976735796247,0.22236187756061554,True,0.7964183901037488,0.2491234987974167,True,0.60957128235272,0.38623992247240885,False,0.6017709118979317,0.3886968174151012,True
irreversible,T31_Irreversible_Damage/25-06-13_15-38-25_GW_ID_T31_350bar.h5,31,350,descending,complete,,0.45631655325009174,True,alarm,0.23364061542919703,0.10708581124033247,False,0.5697373609457698,0.22163724899291992,True,0.7654803033385958,0.22816111147403717,True,0.5955318744693484,0.35872424713202883,False,0.586954625589507,0.3726862392255238,True
irreversible,T31_Irreversible_Damage/25-06-13_15-44-55_GW_ID_T31_300bar.h5,31,300,descending,complete,,0.4514501867423587,True,no_alarm,0.20421331908021653,0.10423558737550463,False,0.5918992012739182,0.23474525553839548,True,0.7702835117067609,0.23292376101016998,True,0.6037118669067111,0.36568460294178556,False,0.5791534781455994,0.3690010415656226,False
irreversible,T31_Irreversible_Damage/25-06-13_15-51-28_GW_ID_T31_250bar.h5,31,250,descending,complete,,0.4985878428970032,True,no_alarm,0.20629721773522242,0.1008841118642262,False,0.5836027988365718,0.23112218294824874,True,0.7575805016926357,0.2401742786169052,True,0.6180467690740313,0.37752645356314524,False,0.5774826790605273,0.3750179708003998,False
irreversible,T31_Irreversible_Damage/25-06-13_15-57-52_GW_ID_T31_200bar.h5,31,200,descending,complete,,0.5038141386615853,True,no_alarm,0.21993278179849898,0.10207080628190722,False,0.6526693488870349,0.23892458634717123,True,0.7696869160447802,0.24471658681120192,True,0.6418455966881343,0.36726280621119906,False,0.5660054726260049,0.3842647820711136,False
irreversible,T31_Irreversible_Damage/25-06-13_16-10-28_GW_ID_T31_100bar.h5,31,100,descending,complete,,0.5196280498656167,True,alarm,0.25154833495616913,0.05520741428647723,False,0.8497917290244784,0.36287328600883484,True,0.824793142931802,0.2686270432812827,True,0.7860648930072784,0.2594533520085471,False,0.614300902400698,0.24256035898412978,True
irreversible,T31_Irreversible_Damage/25-06-13_16-17-25_GW_ID_T31_50bar.h5,31,50,descending,complete,,0.5734155570382609,True,alarm,0.2622225997703416,0.06646978642259325,False,0.6931281621967044,0.23870823000158584,True,0.8456580213138035,0.3090744124991553,True,0.8488139808177948,0.2974862541471209,False,0.7113228057112012,0.21434550625937326,True
irreversible,T31_Irreversible_Damage/25-06-13_16-30-49_GW_ID_T31_100bar.h5,31,100,random,complete,,0.4956152550239071,True,no_alarm,0.2522777366851057,0.14672717877796718,False,0.8704168243067605,0.3929167879479272,True,0.7839427696807044,0.28079749430928913,True,0.6959808851991381,0.35104313492774963,False,0.5659917018243245,0.44000859558582306,False
irreversible,T31_Irreversible_Damage/25-06-13_16-36-22_GW_ID_T31_650bar.h5,31,650,random,complete,,0.44984608472242543,True,no_alarm,0.19298491201230458,0.12808126211166382,False,0.49133778150592533,0.22497136465140752,False,0.6529372462204525,0.2388820626905986,False,0.538666658103466,0.38565569477421896,False,0.6105712418045316,0.41417687066963743,True
irreversible,T31_Irreversible_Damage/25-06-13_16-41-55_GW_ID_T31_700bar.h5,31,700,random,complete,,0.513313159993835,True,no_alarm,0.19101005153996603,0.1404345908335277,False,0.45649400672742296,0.24089435594422476,False,0.6721733212471008,0.2328255091394697,False,0.5321938895753452,0.39584262669086456,False,0.6009161536182676,0.4342225768736431,True
irreversible,T31_Irreversible_Damage/25-06-13_16-47-16_GW_ID_T31_300bar.h5,31,300,random,complete,,0.4699611542983336,True,no_alarm,0.1981076172419957,0.09849260321685246,False,0.5996229744383267,0.2317125563110624,True,0.7281971850565502,0.20802486368588038,True,0.6023880924497332,0.34354408936841146,False,0.5790352097579411,0.3581362558262689,False
irreversible,T31_Irreversible_Damage/25-06-13_16-57-55_GW_ID_T31_350bar.h5,31,350,random,complete,,0.4480936979341332,True,no_alarm,0.2321882178740842,0.10636684937136513,False,0.5519134987677846,0.22604877395289286,True,0.6901179807526725,0.22755587313856399,False,0.5655902443187577,0.3598735438925879,False,0.5778213718107769,0.37267044612339567,False
irreversible,T31_Irreversible_Damage/25-06-13_17-03-43_GW_ID_T31_500bar.h5,31,500,random,complete,,0.45322061567447025,True,no_alarm,0.215758209249803,0.11364132378782545,False,0.5125320383480617,0.23266108334064484,True,0.6553865905318942,0.28600885399750303,False,0.5723998748830387,0.4031816955123629,False,0.6309046255690711,0.3938753051417215,True
irreversible,T31_Irreversible_Damage/25-06-13_17-09-37_GW_ID_T31_600bar.h5,31,600,random,complete,,0.4560213547570621,True,no_alarm,0.20152604367051805,0.1193549782037735,False,0.5054831334522792,0.22964315755026682,True,0.6620434054306575,0.2578895517757961,False,0.5460167899727821,0.39954760457788197,False,0.6167964254106794,0.40917278826236725,True
irreversible,T31_Irreversible_Damage/25-06-13_17-17-07_GW_ID_T31_250bar.h5,31,250,random,complete,,0.5142690419662752,True,no_alarm,0.2244124034685748,0.10654357927186149,False,0.55741336196661,0.2392301708459854,True,0.6844459708247866,0.26234525442123413,False,0.5923322247607368,0.40271993407181333,False,0.581625182713781,0.39049388681139263,True
irreversible,T31_Irreversible_Damage/25-06-13_17-22-37_GW_ID_T31_550bar.h5,31,550,random,complete,,0.4513694173528409,True,no_alarm,0.2024677193590573,0.11442096105643682,False,0.5095149821468762,0.22572968900203705,True,0.6405602310385022,0.26322286895343233,False,0.5514207354613713,0.3961930636848722,False,0.6190343371459416,0.3965022351060595,True
irreversible,T31_Irreversible_Damage/25-06-13_17-33-40_GW_ID_T31_450bar.h5,31,450,random,complete,,0.4479820200541396,True,no_alarm,0.22592302411794662,0.10887109168938228,False,0.5240711442061833,0.23107084419046128,True,0.6433583263839994,0.29497418871947695,False,0.5907938012054988,0.39598881772586275,False,0.6291417841400418,0.3836747961384909,True
irreversible,T31_Irreversible_Damage/25-06-13_17-38-58_GW_ID_T31_400bar.h5,31,400,random,complete,,0.44618250095687945,True,no_alarm,0.22980585907186782,0.11213916540145874,False,0.5313782447150776,0.2322415007012231,True,0.6624534619706017,0.28218989074230194,False,0.5774453591023173,0.40250131700720104,False,0.5996903947421482,0.38906530823026386,True
irreversible,T31_Irreversible_Damage/25-06-13_17-44-19_GW_ID_T31_50bar.h5,31,50,random,complete,,0.5456840471044209,True,alarm,0.2395178106214319,0.06751929010663714,False,0.6457539988415582,0.21976445189544133,True,0.8049548247030803,0.3006062869514738,True,0.8112055936029979,0.28613885811397005,False,0.6968948202473777,0.20069417570318496,True
irreversible,T31_Irreversible_Damage/25-06-13_17-49-40_GW_ID_T31_200bar.h5,31,200,random,complete,,0.4946456824683882,True,no_alarm,0.23795277838196074,0.12430826042379652,False,0.6250675959246499,0.25490541969026836,True,0.6659986972808838,0.28265988188130514,False,0.5895351235355649,0.41975971843515125,False,0.5703770198992321,0.4279231237513678,False
reversible,T31_Reversible_Damage/25-06-10_07-42-42_GW_RD_T31_700bar.h5,31,700,descending,complete,,0.600805986654761,True,alarm,0.23191826630915915,0.11439075001648494,False,0.5085610002279282,0.19183111190795898,True,0.7945414355822972,0.1972743719816208,True,0.7257888274533408,0.27263831879411426,False,0.7004053315946034,0.3439161905220577,True
reversible,T31_Reversible_Damage/25-06-10_07-49-09_GW_RD_T31_650bar.h5,31,650,descending,complete,,0.45730453971826396,True,alarm,0.2339149537895407,0.10819604354245323,False,0.5217473432421684,0.18847931495734624,True,0.7845101654529572,0.1971364872796195,True,0.7218438131468636,0.2794786883252008,False,0.7192646073443549,0.3310798534325191,True
reversible,T31_Reversible_Damage/25-06-10_07-55-45_GW_RD_T31_600bar.h5,31,600,descending,complete,,0.4692026268151344,True,alarm,0.23517833117927825,0.10342707165649959,False,0.5316382039870534,0.1861293124301093,True,0.7770436959607261,0.1993301042488643,True,0.7081535863024848,0.2826447380440576,False,0.7247667376484189,0.3205599103655134,True
reversible,T31_Reversible_Damage/25-06-10_08-02-09_GW_RD_T31_550bar.h5,31,550,descending,complete,,0.45254057183636937,True,alarm,0.23712940301213944,0.09736752935818263,False,0.5368795128805297,0.1851361287491662,True,0.769466051033565,0.20380257282938277,True,0.7076727896928787,0.28282310707228525,False,0.7243865962539401,0.3129230397088187,True
reversible,T31_Reversible_Damage/25-06-10_08-08-27_GW_RD_T31_500bar.h5,31,500,descending,complete,,0.45385015852522187,True,alarm,0.24090902294431413,0.09208496553557259,False,0.5343029552272388,0.18391839734145574,True,0.7683009462697166,0.20940799585410527,True,0.7118990059409823,0.28387648505823954,False,0.7206745403153556,0.30310942019735065,True
reversible,T31_Reversible_Damage/25-06-10_08-14-45_GW_RD_T31_450bar.h5,31,450,descending,complete,,0.449516831672916,True,alarm,0.24954577961138316,0.08774120892797198,False,0.5317507588437625,0.17612535187176295,True,0.7710352774177279,0.2148775862795966,True,0.7312898997749601,0.28638044212545666,False,0.7151985423905509,0.2917162754705974,True
reversible,T31_Reversible_Damage/25-06-10_08-21-39_GW_RD_T31_400bar.h5,31,400,descending,complete,,0.4456965439163223,True,alarm,0.26468500175646376,0.08145947115761894,False,0.5431299018008369,0.16202469595841,True,0.7810890483004707,0.21184209202017104,True,0.7416804879903793,0.28301708825996946,False,0.6982243529387883,0.2859618238040379,True
reversible,T31_Reversible_Damage/25-06-10_08-34-00_GW_RD_T31_350bar.h5,31,350,descending,complete,,0.4484614362850884,True,alarm,0.2602909595838615,0.07247279584407806,False,0.6434381838355746,0.19514080456324986,True,0.7639387441532952,0.20364626816340856,True,0.7435722202062607,0.26767096136297497,False,0.6816238718373435,0.2783245933907373,True
reversible,T31_Reversible_Damage/25-06-10_08-40-27_GW_RD_T31_300bar.h5,31,300,descending,complete,,0.43551660198506276,True,alarm,0.228267568562712,0.07005908872400012,False,0.6473419815301895,0.19657001112188613,True,0.7428625971078873,0.20202633099896566,True,0.7351383992603847,0.2656382428748267,False,0.6711053720542363,0.27704398546900066,True
reversible,T31_Reversible_Damage/25-06-10_08-47-00_GW_RD_T31_250bar.h5,31,250,descending,complete,,0.43544014862101377,True,alarm,0.22910512132304056,0.06202392067228045,False,0.5900391212531498,0.17109645903110504,True,0.7350325477974755,0.21649908806596482,True,0.7392783505575997,0.26019839303834097,False,0.6697503626346588,0.27047982811927795,True
reversible,T31_Reversible_Damage/25-06-10_08-53-24_GW_RD_T31_200bar.h5,31,200,descending,complete,,0.46564825345647,True,alarm,0.2486726295735155,0.0564861318894795,False,0.6502615660429001,0.19857308907168253,True,0.7474174861397062,0.23301004937716893,True,0.769358251776014,0.2343527376651764,False,0.6596609417881284,0.22260137966700963,True
reversible,T31_Reversible_Damage/25-06-10_09-06-00_GW_RD_T31_100bar.h5,31,100,descending,complete,,0.46024053931125797,True,alarm,0.29824870292629513,0.0854399928024837,True,0.7706375292369297,0.27991561378751484,True,0.8275477524314608,0.26545174207006184,True,0.890616414802415,0.2298125922679901,True,0.7661228116069522,0.19149857759475708,True
reversible,T31_Reversible_Damage/25-06-10_09-12-57_GW_RD_T31_50bar.h5,31,50,descending,complete,,0.6194613492168597,True,alarm,0.29481062825237003,0.09572955965995789,False,0.627188292997224,0.19980590896947042,True,0.8054294266871044,0.28041104120867594,True,0.8823083106960569,0.22914743210588182,True,0.8034747796399253,0.19498540673937118,True
reversible,T31_Reversible_Damage/25-06-10_09-26-24_GW_RD_T31_100bar.h5,31,100,random,complete,,0.4793692467650229,True,alarm,0.2948567792773247,0.10559076922280448,False,0.8489015868731907,0.32582327510629383,True,0.8290942971195493,0.27220883326871054,True,0.8406897378819329,0.282155556338174,False,0.719019387449537,0.373215771147183,True
reversible,T31_Reversible_Damage/25-06-10_09-31-57_GW_RD_T31_650bar.h5,31,650,random,complete,,0.47435255333453274,True,alarm,0.22457568400672503,0.10817540756293706,False,0.506565694298063,0.17627785248415812,True,0.8208284548350743,0.20208517355578287,True,0.6953095623425075,0.27582972177437376,False,0.6956409237214497,0.32040709469999584,True
reversible,T31_Reversible_Damage/25-06-10_09-37-27_GW_RD_T31_700bar.h5,31,700,random,complete,,0.6320291645636126,True,no_alarm,0.22334489226341248,0.11461072521550315,False,0.45038503408432007,0.1904504086290087,False,0.8127234407833644,0.1853128778082984,True,0.6573835185595921,0.2818039527961186,False,0.6600511925561088,0.34050385441098896,True
reversible,T31_Reversible_Damage/25-06-10_09-42-48_GW_RD_T31_300bar.h5,31,300,random,complete,,0.4305816633428384,True,alarm,0.21509565572653497,0.05968567090375083,False,0.6519627145358494,0.17135800846985408,True,0.7825630605220795,0.19389458852154867,True,0.6976899462086814,0.21125354724270956,False,0.6282232637916293,0.23121132595198496,True
reversible,T31_Reversible_Damage/25-06-10_09-53-30_GW_RD_T31_350bar.h5,31,350,random,complete,,0.46054590500552844,True,alarm,0.24072240186589106,0.0698242038488388,False,0.5921308930431094,0.1817110159567424,True,0.7895853625876563,0.2000177651643753,True,0.6957865336111614,0.2604461631604603,False,0.6470021307468414,0.2766844481229782,True
reversible,T31_Reversible_Damage/25-06-10_09-59-18_GW_RD_T31_500bar.h5,31,500,random,complete,,0.4616790767502733,True,alarm,0.25128476108823505,0.09024330122130257,False,0.5390824164663043,0.19510507796491897,True,0.811889152441706,0.2433875607592719,True,0.7118508070707321,0.2977539322205952,False,0.7229395168168204,0.3001826171364103,True
reversible,T31_Reversible_Damage/25-06-10_10-05-15_GW_RD_T31_600bar.h5,31,600,random,complete,,0.45741419955741897,True,alarm,0.23696487184081758,0.09707276735986982,False,0.5114808146442685,0.18069016294819967,True,0.8202988441501345,0.21451116033962794,True,0.6787175131695611,0.2864287197589874,False,0.7076544548783984,0.30805214175156187,True
reversible,T31_Reversible_Damage/25-06-10_10-12-39_GW_RD_T31_250bar.h5,31,250,random,complete,,0.43302484919356937,True,alarm,0.25491335562297274,0.0689642344202314,False,0.5845165870019368,0.1963514174733843,True,0.7828867222581591,0.23094761158738816,True,0.7150028284106936,0.2993217089346477,False,0.6529245887483869,0.2953575423785618,True
reversible,T31_Reversible_Damage/25-06-10_10-18-09_GW_RD_T31_550bar.h5,31,550,random,complete,,0.4701894296071017,True,alarm,0.23863364490015165,0.09261766076087952,False,0.5288305729627609,0.1815940205539976,True,0.8192472266299384,0.22346402066094534,True,0.6879128962755203,0.28172617299216135,False,0.7069063931703568,0.2995695642062596,True
reversible,T31_Reversible_Damage/25-06-10_10-29-15_GW_RD_T31_450bar.h5,31,450,random,complete,,0.4719003330445142,True,alarm,0.2599474787712097,0.08787013377462115,False,0.5417781174182892,0.19444101197378977,True,0.8232604988983699,0.24834467470645905,True,0.7227090682302203,0.3055986166000366,False,0.7161674158913749,0.2927153876849583,True
reversible,T31_Reversible_Damage/25-06-10_10-34-33_GW_RD_T31_400bar.h5,31,400,random,complete,,0.44868571764964316,True,alarm,0.25021566610251156,0.08128512970038823,False,0.5486774955477033,0.17861820118767874,True,0.8179125849689756,0.23812200129032135,True,0.7184916096074241,0.3114752748182842,False,0.6745112389326096,0.29728169100625174,True
reversible,T31_Reversible_Damage/25-06-10_10-39-54_GW_RD_T31_50bar.h5,31,50,random,complete,,0.6413751208982853,True,alarm,0.2528952993452549,0.08784751806940351,False,0.5527066056217466,0.18876958319119044,True,0.810175821185112,0.2662304937839508,True,0.8573510221072606,0.22120815089770726,False,0.7199303656816483,0.18942242860794067,True
reversible,T31_Reversible_Damage/25-06-10_10-45-15_GW_RD_T31_200bar.h5,31,200,random,complete,,0.46454672952049003,True,alarm,0.25137930469853537,0.07941762038639613,False,0.6563496334212167,0.20538381593567984,True,0.7896997949906758,0.24279847954000747,True,0.730426488178117,0.31880956675325123,False,0.630705081990787,0.318024537393025,True
baseline,T37_Baseline/25-06-03_16-41-06_GW_Baseline_T37_100bar.h5,37,100,random,complete,,0.5456021044678467,True,no_alarm,0.1176639659596341,0.07320743160588401,False,0.49527622227157864,0.14750870210783823,False,0.35550146656376974,0.12433343487126487,False,0.4123097668801035,0.17450936777251108,False,0.4346862829157284,0.24844547041824885,False
baseline,T37_Baseline/25-06-03_16-46-39_GW_Baseline_T37_650bar.h5,37,650,random,complete,,0.47991080656188967,True,no_alarm,0.07335889233010155,0.02395166669573103,False,0.2361479609140328,0.04190542868205479,False,0.40261152599539074,0.04379476606845856,False,0.352368740098817,0.051264051880155294,False,0.48123076983860563,0.07590361152376447,False
baseline,T37_Baseline/25-06-03_16-52-09_GW_Baseline_T37_700bar.h5,37,700,random,complete,,0.5927068504227776,True,no_alarm,0.07143866936010974,0.012987402932984489,False,0.24158732752714837,0.03237702591078622,False,0.35047786789281027,0.032468018787247796,False,0.3070260924952371,0.029491462877818515,False,0.4698419751865523,0.055089248078210015,False
baseline,T37_Baseline/25-06-03_16-57-30_GW_Baseline_T37_300bar.h5,37,300,random,complete,,0.550307842062535,True,no_alarm,0.10487465587045465,0.03168227417128427,False,0.2746995655553682,0.06521783130509513,False,0.29373585007020403,0.10094877226012093,False,0.33558936629976543,0.13934177160263062,False,0.4846123105713299,0.12617725985390799,False
baseline,T37_Baseline/25-06-03_17-02-51_GW_Baseline_T37_150bar.h5,37,150,random,complete,,0.5785553589735801,True,no_alarm,0.10366173381251949,0.051500865391322544,False,0.21643278375267982,0.10175411190305438,False,0.23915964418223926,0.08307833969593048,False,0.3413871558649199,0.16484483225005014,False,0.4789245618241174,0.22950407436915807,False
baseline,T37_Baseline/25-06-03_17-08-12_GW_Baseline_T37_350bar.h5,37,350,random,complete,,0.5177883849540409,True,no_alarm,0.0720143544354609,0.01070463444505419,False,0.21556579481278146,0.03332283454281943,False,0.24179417586752347,0.03298969779695783,False,0.27768489186252865,0.05104243116719382,False,0.4698899867279189,0.054716254983629496,False
baseline,T37_Baseline/25-06-03_17-14-00_GW_Baseline_T37_500bar.h5,37,500,random,complete,,0.462164211070528,True,no_alarm,0.12253697695476669,0.022063778979437693,False,0.279641965670245,0.058232982243810384,False,0.4284135348030499,0.09402966712202344,False,0.4251765949385507,0.10736540598528725,False,0.4930646281157221,0.07167060034615653,False
baseline,T37_Baseline/25-06-03_17-19-54_GW_Baseline_T37_600bar.h5,37,600,random,complete,,0.5035919988451546,True,no_alarm,0.10859947438750948,0.02260254110608782,False,0.26055234936731203,0.039405454482351034,False,0.4265246497733252,0.055553749203681946,False,0.40271915921143125,0.07244663366249629,False,0.48797269804137094,0.06891837290355138,False
baseline,T37_Baseline/25-06-03_17-27-21_GW_Baseline_T37_250bar.h5,37,250,random,complete,,0.5420317695622265,True,no_alarm,0.12552370796246187,0.027461562837873186,False,0.29708185366221834,0.06393180574689593,False,0.31098668596574236,0.07647372143609184,False,0.35740225442818235,0.09448411422116416,False,0.4767900375383241,0.06962608013834272,False
baseline,T37_Baseline/25-06-03_17-32-51_GW_Baseline_T37_550bar.h5,37,550,random,complete,,0.4743517992228386,True,no_alarm,0.11690702954573291,0.02716822922229767,False,0.2813666675771986,0.04636562083448682,False,0.4311156113232885,0.06939037782805306,False,0.4052694546324866,0.09387498242514473,False,0.49036791920661926,0.07806918025016785,False
baseline,T37_Baseline/25-06-03_17-43-54_GW_Baseline_T37_450bar.h5,37,450,random,complete,,0.4567961964448957,True,no_alarm,0.14516938291490078,0.02872798272541591,False,0.31441171893051695,0.07888302845614296,False,0.46242910623550415,0.11027681614671435,False,0.46999354128326687,0.1276559510401317,False,0.5107083937951497,0.08000026430402483,False
baseline,T37_Baseline/25-06-03_17-49-12_GW_Baseline_T37_400bar.h5,37,400,random,complete,,0.47385475909955627,True,no_alarm,0.10846585088542529,0.023366338440350125,False,0.26690892555883955,0.057668096252850125,False,0.4111609639866011,0.08497769492013114,False,0.43375056236982346,0.09651896144662585,False,0.48313544264861513,0.06951987317630223,False
baseline,T37_Baseline/25-06-03_17-54-33_GW_Baseline_T37_50bar.h5,37,50,random,complete,,0.5979346235978774,True,no_alarm,0.08546676167419978,0.018876475947243825,False,0.20428396654980524,0.03532109090260097,False,0.16749638957636698,0.03312205842563084,False,0.22459458293659346,0.040697698082242696,False,0.35883814096450806,0.053231814077922275,False
baseline,T37_Baseline/25-06-03_17-59-54_GW_Baseline_T37_200bar.h5,37,200,random,complete,,0.5045432339109791,True,no_alarm,0.14333255110042437,0.05260724467890603,False,0.3543094481740679,0.10392851488930839,False,0.38368503004312515,0.12364283204078674,False,0.43190782197884153,0.14569575871740068,False,0.4915641322731972,0.12892858258315495,False
reversible,T37_Reversible_Damage/25-06-10_14-09-27_GW_RD_T37_700bar.h5,37,700,descending,complete,,0.6695574803996605,True,no_alarm,0.20395679292934282,0.10078644752502441,False,0.44249578778232845,0.1734991137470518,False,0.8132501840591431,0.17727950428213393,True,0.6570899103369031,0.28142915878977093,False,0.6646918420280729,0.3282845233167921,True
reversible,T37_Reversible_Damage/25-06-10_14-15-54_GW_RD_T37_650bar.h5,37,650,descending,complete,,0.4554494749438365,True,no_alarm,0.2034963864300932,0.09689231429781232,False,0.45095934718847275,0.17510350261415755,False,0.8095385559967586,0.17513627239636012,True,0.6472132972308567,0.27946096445832935,False,0.6626419382435935,0.31577280376638683,True
reversible,T37_Reversible_Damage/25-06-10_14-22-27_GW_RD_T37_600bar.h5,37,600,descending,complete,,0.4811858903492747,True,no_alarm,0.20613460189529828,0.09148371858256203,False,0.4615649953484535,0.1756844733442579,False,0.809416936976569,0.1795951042856489,True,0.6431943752935955,0.27699548644678934,False,0.6656392046383449,0.3088852401290621,True
reversible,T37_Reversible_Damage/25-06-10_14-28-54_GW_RD_T37_550bar.h5,37,550,descending,complete,,0.4743479478479938,True,no_alarm,0.20670330843755177,0.08722347233976636,False,0.4727151340671948,0.17721699178218842,False,0.8087749906948635,0.17946598359516688,True,0.6430041428123202,0.27494925047670093,False,0.661000445485115,0.2998910801751273,True
reversible,T37_Reversible_Damage/25-06-10_14-35-12_GW_RD_T37_500bar.h5,37,500,descending,complete,,0.46424940989328495,True,no_alarm,0.21119543803589685,0.08170716677393232,False,0.47800353382314953,0.17245415491717203,False,0.8079908617905208,0.1841160591159548,True,0.6397848767893655,0.27092657131808145,False,0.6569703732218061,0.28892542847565245,True
reversible,T37_Reversible_Damage/25-06-10_14-41-27_GW_RD_T37_450bar.h5,37,450,descending,complete,,0.4853002928090486,True,no_alarm,0.22060296471629823,0.07664163623537336,False,0.47524710105998175,0.16704039914267405,False,0.8091944477387837,0.18966151773929596,True,0.6458396677459989,0.25340503454208374,False,0.6452961031879697,0.2725343810660498,True
reversible,T37_Reversible_Damage/25-06-10_14-48-24_GW_RD_T37_400bar.h5,37,400,descending,complete,,0.4818941255109802,True,no_alarm,0.23911473846861295,0.07151589436190468,False,0.4784504643508366,0.15606350345270975,False,0.8093353126730237,0.1905855302299772,True,0.6764373694147382,0.2417564285652978,False,0.6313180582863944,0.2630204664809363,True
reversible,T37_Reversible_Damage/25-06-10_15-00-42_GW_RD_T37_350bar.h5,37,350,descending,complete,,0.48602617954261196,True,alarm,0.259525722690991,0.07088329110826765,False,0.5496720437492643,0.17534494187150682,True,0.7936531837497439,0.17633695687566484,True,0.6708016076258251,0.2444523764508111,False,0.6256601938179561,0.2671262047120503,True
reversible,T37_Reversible_Damage/25-06-10_15-07-09_GW_RD_T37_300bar.h5,37,300,descending,complete,,0.48164013720086096,True,alarm,0.22430947901947157,0.059080389993531365,False,0.6043569466897419,0.17980810361249105,True,0.7890194122280393,0.18308316384043014,True,0.6804359086922237,0.23015630670956203,False,0.6112975180149078,0.24671456217765808,True
reversible,T37_Reversible_Damage/25-06-10_15-13-42_GW_RD_T37_250bar.h5,37,250,descending,complete,,0.4909091291041954,True,alarm,0.21132299250790051,0.05119482108524868,False,0.5538575681192535,0.14496578489031112,True,0.7845663811479296,0.18977442596639907,True,0.7026775990213666,0.21387818668569838,False,0.604283977832113,0.20941076747008733,True
reversible,T37_Reversible_Damage/25-06-10_15-20-09_GW_RD_T37_200bar.h5,37,200,descending,complete,,0.49382437007594826,True,alarm,0.22412750124931335,0.06071959223066058,False,0.6087625984634671,0.18866957085473196,True,0.8139574421303613,0.1968513024704797,True,0.7334718980959484,0.19779637243066514,False,0.606842645577022,0.17598699246134078,True
reversible,T37_Reversible_Damage/25-06-10_15-26-24_GW_RD_T37_150bar.h5,37,150,descending,complete,,0.4918753489567719,True,alarm,0.2555461275790419,0.07723426180226463,False,0.6219819635152817,0.17970955584730422,True,0.8264764547348022,0.1990820722920554,True,0.7979509021554675,0.177276788013322,False,0.6291353510958808,0.1630884919847761,True
reversible,T37_Reversible_Damage/25-06-10_15-32-45_GW_RD_T37_100bar.h5,37,100,descending,complete,,0.5244179262129379,True,alarm,0.25826677680015564,0.08772333179201398,False,0.5518491300089019,0.17800021171569824,True,0.8131208781685147,0.21271355875900813,True,0.8586556102548327,0.17670747637748718,False,0.6814535302775246,0.15191710421017238,True
reversible,T37_Reversible_Damage/25-06-10_15-39-39_GW_RD_T37_50bar.h5,37,50,descending,complete,,0.6413753124266183,True,no_alarm,0.25987003424337934,0.09244950328554426,False,0.4972871829356466,0.18261817736285074,False,0.7934220518384661,0.2131535048995699,True,0.8697807703699384,0.18289243962083543,False,0.7054325980799538,0.180855536035129,True
reversible,T37_Reversible_Damage/25-06-10_15-53-09_GW_RD_T37_100bar.h5,37,100,random,complete,,0.5610286916718797,True,alarm,0.2751106077006885,0.08784094452857971,False,0.672955966421536,0.20013995042869023,True,0.8138499025787626,0.2424514889717102,True,0.8534560182264873,0.23592044838837214,False,0.6845303901604244,0.3047084723200117,True
reversible,T37_Reversible_Damage/25-06-10_15-58-39_GW_RD_T37_650bar.h5,37,650,random,complete,,0.5698108412421584,True,no_alarm,0.20910892582365445,0.09873646071978978,False,0.48767621495894026,0.17087288626602717,False,0.810894353049142,0.18432943310056413,True,0.6795092608247485,0.2762519781078611,False,0.6861279734543392,0.3080651823963438,True
reversible,T37_Reversible_Damage/25-06-10_16-04-09_GW_RD_T37_700bar.h5,37,700,random,complete,,0.6561094777797156,True,no_alarm,0.20264216193131038,0.097121319600514,False,0.43459158710071016,0.1741531980889184,False,0.8121535650321415,0.17033218911715917,True,0.6540764740535191,0.278311733688627,False,0.6589945661170142,0.32104574143886566,True
reversible,T37_Reversible_Damage/25-06-10_16-09-30_GW_RD_T37_300bar.h5,37,300,random,complete,,0.4894324369645976,True,alarm,0.21705721371940204,0.05214068080697741,False,0.5590183458157948,0.14502210915088654,True,0.7932335606643132,0.18072434195450374,True,0.6650168576410839,0.1607700756617955,False,0.588312708905765,0.15818593544619425,True
reversible,T37_Reversible_Damage/25-06-10_16-14-51_GW_RD_T37_150bar.h5,37,150,random,complete,,0.4831009647784643,True,alarm,0.2529257009071963,0.10742106182234627,False,0.6112377090113503,0.1997677492243903,True,0.8283206628901618,0.20967110352856771,True,0.8091220387390682,0.21996815289769853,False,0.635423087647983,0.20875981875828334,True
reversible,T37_Reversible_Damage/25-06-10_16-20-09_GW_RD_T37_350bar.h5,37,350,random,complete,,0.5220607648645096,True,alarm,0.248765162059239,0.06898748448916844,False,0.5176246740988323,0.16737706320626394,True,0.785964120711599,0.17906519132001059,True,0.6647449263504573,0.23548272464956557,False,0.6186439863273075,0.2586826809814998,True
reversible,T37_Reversible_Damage/25-06-10_16-26-03_GW_RD_T37_500bar.h5,37,500,random,complete,,0.5546923473474732,True,alarm,0.2361864596605301,0.08388169961316246,False,0.52103084645101,0.18818981094019754,True,0.7997245511838368,0.22226563734667643,True,0.6888658148901803,0.2923074811697006,False,0.6981982886791229,0.2896325034754617,True
reversible,T37_Reversible_Damage/25-06-10_16-31-54_GW_RD_T37_600bar.h5,37,600,random,complete,,0.5551765963414368,True,alarm,0.2286491138594491,0.09009054728916713,False,0.49735856375523974,0.17767592625958578,True,0.8056454488209316,0.19857590326241084,True,0.6728713235684803,0.2773378278527941,False,0.6948736778327397,0.29401357897690367,True
reversible,T37_Reversible_Damage/25-06-10_16-39-21_GW_RD_T37_250bar.h5,37,250,random,complete,,0.5137922439249568,True,alarm,0.24010050403220312,0.06462702793734414,False,0.5460693548832621,0.16219958875860488,True,0.7870554774999619,0.20728051236697606,True,0.7080180772713253,0.2544227923665728,False,0.6250806748867035,0.24634803618703568,True
reversible,T37_Reversible_Damage/25-06-10_16-44-51_GW_RD_T37_550bar.h5,37,550,random,complete,,0.5625003603959664,True,alarm,0.2292797336620944,0.08765618077346257,False,0.5155541279486248,0.1819714605808258,True,0.8109352758952549,0.2060870017324175,True,0.6801676175424031,0.2783220708370209,False,0.6903842602457319,0.29111008984701975,True
reversible,T37_Reversible_Damage/25-06-10_16-55-57_GW_RD_T37_450bar.h5,37,450,random,complete,,0.5352164674564698,True,alarm,0.24461461177894048,0.08290377685001918,False,0.5308045478803771,0.18990068776266916,True,0.8097905942371914,0.23093645913260324,True,0.7142549710614341,0.29728674462863375,False,0.691550035561834,0.2838598255600248,True
reversible,T37_Reversible_Damage/25-06-10_17-01-15_GW_RD_T37_400bar.h5,37,400,random,complete,,0.5590796849741012,True,alarm,0.24384586193731853,0.07458070772034782,False,0.5314949772187642,0.17991431057453156,True,0.8091511577367783,0.2210234488759722,True,0.701202752334731,0.28006921282836367,False,0.6544713463102069,0.2807269756283079,True
reversible,T37_Reversible_Damage/25-06-10_17-06-36_GW_RD_T37_50bar.h5,37,50,random,complete,,0.6457596993500496,True,no_alarm,0.23897379530327661,0.08768121685300555,False,0.4662963002920151,0.17988389943327224,False,0.794813756431852,0.20868961300168717,True,0.8263148388692311,0.17661007387297495,False,0.6535705945321492,0.18753176076071604,True
reversible,T37_Reversible_Damage/25-06-10_17-11-54_GW_RD_T37_200bar.h5,37,200,random,complete,,0.5522550422485698,True,alarm,0.24559687503746577,0.08153141396386283,False,0.6352057925292424,0.19298795929976872,True,0.8068235793284008,0.22864433058670589,True,0.7322521273578916,0.2720753571816853,False,0.6211267837456295,0.2634490856102535,True
baseline,T43_Baseline/25-06-04_11-21-16_GW_Baseline_T43_100bar.h5,43,100,random,complete,,0.5722273806771616,True,no_alarm,0.11287776779915605,0.06073138756411416,False,0.5486170787896428,0.14622232105050767,True,0.3017285689711571,0.1255132406949997,False,0.37513322489602224,0.15584949723311833,False,0.4113851434418133,0.20487076044082642,False
baseline,T43_Baseline/25-06-04_11-26-49_GW_Baseline_T43_650bar.h5,43,650,random,complete,,0.5283372195930767,True,no_alarm,0.07194544348333563,0.017828811492238725,False,0.2254814383174692,0.03092173593384879,False,0.16146294080785342,0.04174653760024479,False,0.25804648814456804,0.04369820015771048,False,0.46873268272195545,0.06218041692461286,False
baseline,T43_Baseline/25-06-04_11-32-22_GW_Baseline_T43_700bar.h5,43,700,random,complete,,0.6360187491986082,True,no_alarm,0.07274846493133477,0.015606818454606193,False,0.20191447490027972,0.03827284702232906,False,0.13160290914986814,0.035802683659962246,False,0.24125269108584949,0.045969367027282715,False,0.465003748025213,0.05513714679649898,False
baseline,T43_Baseline/25-06-04_11-37-43_GW_Baseline_T43_300bar.h5,43,300,random,complete,,0.5093988456397603,True,no_alarm,0.119125597178936,0.05008422476904733,False,0.2813905562673296,0.08888080290385655,False,0.31760786367314203,0.11753275564738683,False,0.41556677647999357,0.1885298831122262,False,0.5122348346880504,0.180214809519904,False
baseline,T43_Baseline/25-06-04_11-43-01_GW_Baseline_T43_150bar.h5,43,150,random,complete,,0.49235535964369015,True,no_alarm,0.09918030803757054,0.052166951554162164,False,0.231368076056242,0.09538883822304862,False,0.27823594957590103,0.08778681925364903,False,0.4035752681749208,0.1654163428715297,False,0.4899926164320537,0.24295552713530405,False
baseline,T43_Baseline/25-06-04_11-48-22_GW_Baseline_T43_350bar.h5,43,350,random,complete,,0.5371599939224254,True,no_alarm,0.07236600002007824,0.010704625930104936,False,0.19971487298607826,0.026930087379046848,False,0.15464937101517404,0.027789207441466197,False,0.2465024601135935,0.04778331092425755,False,0.4678556152752468,0.061504478965486796,False
baseline,T43_Baseline/25-06-04_11-54-13_GW_Baseline_T43_500bar.h5,43,500,random,complete,,0.534724292248097,True,no_alarm,0.1293525698461703,0.024353274277278354,False,0.257702039288623,0.066921666264534,False,0.30163827325616566,0.10209977413926806,False,0.3630571322781699,0.1122591814824513,False,0.4776304875101362,0.06828060533319201,False
baseline,T43_Baseline/25-06-04_12-00-07_GW_Baseline_T43_600bar.h5,43,600,random,complete,,0.5624893065225842,True,no_alarm,0.10594912086214338,0.018795832991600037,False,0.22796728887728282,0.037040265543120246,False,0.20979489226426398,0.055697545409202576,False,0.2971020979540689,0.0565404508795057,False,0.4697896550808634,0.06710136362484523,False
baseline,T43_Baseline/25-06-04_12-07-31_GW_Baseline_T43_250bar.h5,43,250,random,complete,,0.5147577186690274,True,no_alarm,0.1265407098191125,0.03428068331309727,False,0.2740426462675844,0.06518388220242091,False,0.2569232402103288,0.0804472884961537,False,0.29753393679857254,0.08163330597536904,False,0.45305900062833515,0.062149226665496826,False
baseline,T43_Baseline/25-06-04_12-13-01_GW_Baseline_T43_550bar.h5,43,550,random,complete,,0.5405773800762559,True,no_alarm,0.11684640071221761,0.02366678629602705,False,0.2206111704664571,0.04881943762302399,False,0.2510808972375734,0.07194361090660095,False,0.3096681088209152,0.08316828736237117,False,0.4733200743794441,0.0730682590178081,False
baseline,T43_Baseline/25-06-04_12-24-07_GW_Baseline_T43_450bar.h5,43,450,random,complete,,0.529369600076888,True,no_alarm,0.142188463093979,0.03164158548627581,False,0.298840123627867,0.07993279823235103,False,0.35880372141088757,0.1261510636125292,False,0.39237931051424574,0.14221454518181936,False,0.48201699342046467,0.07774221258504051,False
baseline,T43_Baseline/25-06-04_12-29-25_GW_Baseline_T43_400bar.h5,43,400,random,complete,,0.5537203178186977,True,no_alarm,0.10756089697991099,0.02711271813937596,False,0.22807387422238076,0.06169491793428149,False,0.2776930614241532,0.09710996917315892,False,0.305572900388922,0.10211309151990074,False,0.46107102717672077,0.06901221403053828,False
baseline,T43_Baseline/25-06-04_12-34-46_GW_Baseline_T43_50bar.h5,43,50,random,complete,,0.6622083731900071,True,no_alarm,0.1115128972700664,0.015618894781385149,False,0.21262228169611522,0.030869217855589732,False,0.3746527305671147,0.04585312519754682,False,0.5156565287283489,0.0364439104284559,False,0.4309542030096054,0.046093681028911045,False
baseline,T43_Baseline/25-06-04_12-40-04_GW_Baseline_T43_200bar.h5,43,200,random,complete,,0.5454394536087954,True,no_alarm,0.14611099447522843,0.0750416751418795,False,0.357883269233363,0.11702779148306165,False,0.3395659998059273,0.1387068544115339,False,0.35236148216894697,0.16083123002733504,False,0.45734107387917383,0.16024306842258998,False
irreversible,T43_Irreversible_Damage/25-06-16_15-06-42_GW_ID_T43_700bar.h5,43,700,descending,complete,,0.6053372088560725,True,no_alarm,0.21659053755658014,0.12522827514580318,False,0.4227158821054867,0.22192709360803878,False,0.4952800061021532,0.22198509957109178,False,0.5297154315880367,0.4171593678849084,False,0.6145148692386491,0.4327425701277597,True
irreversible,T43_Irreversible_Damage/25-06-16_15-13-12_GW_ID_T43_650bar.h5,43,650,descending,complete,,0.5756308180619525,True,no_alarm,0.2171412706375122,0.12198487137045179,False,0.42649451962539126,0.22490269797188894,False,0.49069537435259136,0.22812768816947937,False,0.5213654616049358,0.415609393801008,False,0.6047026578869138,0.4234657287597656,True
irreversible,T43_Irreversible_Damage/25-06-16_15-19-45_GW_ID_T43_600bar.h5,43,600,descending,complete,,0.5819708398185867,True,no_alarm,0.22011661103793553,0.11798239818641118,False,0.43856618979147505,0.22364520175116404,False,0.4887094774416515,0.214181478534426,False,0.5083782193916184,0.40243210962840487,False,0.6016244483845574,0.4088634444134576,True
irreversible,T43_Irreversible_Damage/25-06-16_15-26-09_GW_ID_T43_550bar.h5,43,550,descending,complete,,0.5824483448962726,True,no_alarm,0.2224862314760685,0.11615882175309318,False,0.45035036546843393,0.21799383631774358,False,0.4757921589272363,0.20601773687771388,False,0.509662042771067,0.3879708967038563,False,0.5954421141317913,0.39999881386756897,True
irreversible,T43_Irreversible_Damage/25-06-16_15-32-27_GW_ID_T43_500bar.h5,43,500,descending,complete,,0.5790543556401551,True,no_alarm,0.22662323979394777,0.11464982160500117,False,0.45679658225604464,0.2146734893321991,False,0.4841679504939488,0.2043628075293132,False,0.5013277690325465,0.3909966881786074,False,0.5867000850183623,0.3916531673499516,True
irreversible,T43_Irreversible_Damage/25-06-16_15-38-45_GW_ID_T43_450bar.h5,43,450,descending,complete,,0.5712558381064926,True,no_alarm,0.23149250926715986,0.11428062404905047,False,0.451287604868412,0.21269168172563827,False,0.4986290452735765,0.21099291954721724,False,0.5013769705380712,0.3810157712016787,False,0.5775337857859475,0.3875731123345239,False
irreversible,T43_Irreversible_Damage/25-06-16_15-45-42_GW_ID_T43_400bar.h5,43,400,descending,complete,,0.5515697074085768,True,no_alarm,0.24358299214925086,0.11537254921027593,False,0.45899252806391033,0.20666819172246115,False,0.5053320527076721,0.2153734884091786,False,0.505638596202646,0.36038853440965923,False,0.5694432003157479,0.3788553604057857,False
irreversible,T43_Irreversible_Damage/25-06-16_15-57-57_GW_ID_T43_350bar.h5,43,350,descending,complete,,0.5507969913838151,True,no_alarm,0.27129122082676205,0.11442060768604279,False,0.4834271435226713,0.21349533753735678,False,0.5121618913752692,0.20445029650415694,False,0.5095681207520621,0.3541084421532495,False,0.5563347584434918,0.36239495873451233,False
irreversible,T43_Irreversible_Damage/25-06-16_16-04-27_GW_ID_T43_300bar.h5,43,300,descending,complete,,0.5517735224977145,True,no_alarm,0.27338891689266476,0.1136884902204786,False,0.5440098057900157,0.20733135512896947,True,0.5159998099718776,0.21549258061817714,False,0.5052114395158631,0.35182964163167135,False,0.5476183156882014,0.36768742331436705,False
irreversible,T43_Irreversible_Damage/25-06-16_16-11-00_GW_ID_T43_250bar.h5,43,250,descending,complete,,0.555177290230167,True,no_alarm,0.22912492603063583,0.10580179946763175,False,0.5697662287524768,0.19942245313099452,True,0.5314273770366397,0.21421697310038976,False,0.5154380340661321,0.3188596410410745,False,0.5287129815135684,0.3422764518431255,False
irreversible,T43_Irreversible_Damage/25-06-16_16-17-24_GW_ID_T43_200bar.h5,43,200,descending,complete,,0.5590904160428569,True,no_alarm,0.23218310411487306,0.09017117534364973,False,0.58210168246712,0.19300753516810282,True,0.5614954201238496,0.21007747735295976,False,0.539926321378776,0.26513123512268066,False,0.5152182919638497,0.28095803941999165,False
irreversible,T43_Irreversible_Damage/25-06-16_16-23-45_GW_ID_T43_150bar.h5,43,150,descending,complete,,0.5503110046809873,True,no_alarm,0.2397214818213667,0.07840196362563542,False,0.5687293836048671,0.18697487882205419,True,0.5758518001862934,0.22399603043283736,False,0.5882411428860256,0.23290587110178812,False,0.5268245765141079,0.24732290421213424,False
irreversible,T43_Irreversible_Damage/25-06-16_16-30-03_GW_ID_T43_100bar.h5,43,100,descending,complete,,0.5809757441231039,True,no_alarm,0.24381317890116147,0.0832294545003346,False,0.5258263636912618,0.20358199094023025,True,0.5913259408303669,0.23937428210462844,False,0.6527447700500488,0.22948946910245077,False,0.566406358565603,0.196241095662117,False
irreversible,T43_Irreversible_Damage/25-06-16_16-36-57_GW_ID_T43_50bar.h5,43,50,descending,complete,,0.6062097316709651,True,no_alarm,0.2987501860729286,0.08707750482218606,True,0.4403326851981027,0.17529170853751047,False,0.5887921452522278,0.27079821484429495,False,0.6838880011013576,0.2444237300327846,False,0.6141340328114373,0.20451656409672328,True
irreversible,T43_Irreversible_Damage/25-06-16_16-50-24_GW_ID_T43_100bar.h5,43,100,random,complete,,0.5816088056269515,True,no_alarm,0.2436172706740243,0.09915275871753693,False,0.5892128156764167,0.200246519276074,True,0.6365374007395336,0.2885757237672806,False,0.5968044123479298,0.28614925912448336,False,0.5611514065946851,0.2967633924313954,False
irreversible,T43_Irreversible_Damage/25-06-16_16-55-57_GW_ID_T43_650bar.h5,43,650,random,complete,,0.5120479601841925,True,no_alarm,0.2231616292681013,0.12254799902439117,False,0.44238195781196865,0.22403741308620997,False,0.5014478883572987,0.24409400352409907,False,0.5282916852406093,0.41169134633881704,False,0.6058827053223338,0.41488916107586454,True
irreversible,T43_Irreversible_Damage/25-06-16_17-01-27_GW_ID_T43_700bar.h5,43,700,random,complete,,0.6024161522553566,True,no_alarm,0.22026132206831658,0.12673158305031912,False,0.40723748824426104,0.22999443326677596,False,0.47405055484601427,0.22264000134808676,False,0.5284092021839959,0.41932912170886993,False,0.6071649342775345,0.4306009198938097,True
irreversible,T43_Irreversible_Damage/25-06-16_17-06-48_GW_ID_T43_300bar.h5,43,300,random,complete,,0.5444626924810922,True,no_alarm,0.2772905310349805,0.08763237297534943,False,0.5074071469051498,0.1719741587127958,True,0.520755909383297,0.20017740981919424,False,0.5218662843108177,0.26712675605501446,False,0.54170068779162,0.29213460215500425,False
irreversible,T43_Irreversible_Damage/25-06-16_17-12-09_GW_ID_T43_150bar.h5,43,150,random,complete,,0.5308347269993968,True,no_alarm,0.23825966886111669,0.08537345273154122,False,0.5757766536303929,0.2040251216718129,True,0.5925268743719373,0.23009936724390304,False,0.6651860816138131,0.21248359978199005,False,0.5692243874073029,0.14187102232660567,False
irreversible,T43_Irreversible_Damage/25-06-16_17-17-30_GW_ID_T43_350bar.h5,43,350,random,complete,,0.5518107401669758,True,no_alarm,0.27369202620216776,0.11419986188411713,False,0.47261045553854536,0.21159651024000986,False,0.4934855859194483,0.2030814290046692,False,0.5052466413804463,0.3418197695698057,False,0.5550874184284892,0.35712674260139465,False
irreversible,T43_Irreversible_Damage/25-06-16_17-23-18_GW_ID_T43_500bar.h5,43,500,random,complete,,0.49673690866926645,True,no_alarm,0.24043460562825203,0.11641860221113477,False,0.5069512756807464,0.23008338894162858,True,0.5380393756287438,0.2710513153246471,False,0.5593908152409962,0.43151032498904635,False,0.6203856893948146,0.3909830663885389,True
irreversible,T43_Irreversible_Damage/25-06-16_17-29-12_GW_ID_T43_600bar.h5,43,600,random,complete,,0.5210951897911908,True,no_alarm,0.23165256104299,0.11420711874961853,False,0.4632387501852853,0.22871104521410807,False,0.5109653802854675,0.25259249976703096,False,0.5445766246744564,0.4179948887654713,False,0.6130931270974023,0.3989881809268679,True
irreversible,T43_Irreversible_Damage/25-06-16_17-36-39_GW_ID_T43_250bar.h5,43,250,random,complete,,0.5542025175020199,True,no_alarm,0.2563489287027291,0.12283827577318464,False,0.5765350311994553,0.2112740022795541,True,0.5617022727216993,0.2526342570781708,False,0.5386935600212642,0.35332487310682026,False,0.5490209438971111,0.36064367847783224,False
irreversible,T43_Irreversible_Damage/25-06-16_17-42-09_GW_ID_T43_550bar.h5,43,550,random,complete,,0.4972271963348418,True,no_alarm,0.23124284137572562,0.11348085105419159,False,0.4938036384327071,0.22276611839021956,False,0.5136558062263897,0.2497368391071047,False,0.5503392059888158,0.4077575611216681,False,0.6124217254774911,0.38849109411239624,True
irreversible,T43_Irreversible_Damage/25-06-16_17-53-15_GW_ID_T43_450bar.h5,43,450,random,complete,,0.48894782829554956,True,no_alarm,0.24251612541931017,0.11954190262726375,False,0.5191298382622855,0.23226015908377512,True,0.5749876414026532,0.28443828225135803,False,0.5578681858522552,0.426721453666687,False,0.6123474580901009,0.38969250874859945,True
irreversible,T43_Irreversible_Damage/25-06-16_17-58-33_GW_ID_T43_400bar.h5,43,400,random,complete,,0.5079422642373393,True,no_alarm,0.248051077659641,0.12083764161382403,False,0.4918062144092151,0.2237874631370817,False,0.5530002447111266,0.26838212992463795,False,0.5442905883703913,0.3987679289919989,False,0.5848075598478317,0.38699122837611605,True
irreversible,T43_Irreversible_Damage/25-06-16_18-03-54_GW_ID_T43_50bar.h5,43,50,random,complete,,0.6184861258782014,True,no_alarm,0.2848385013639927,0.0875474704163415,False,0.4409957134297916,0.16856890491076879,False,0.6752206406423024,0.2625016974551337,False,0.782489367893764,0.22932233554976328,False,0.653042129107884,0.21132452998842513,True
irreversible,T43_Irreversible_Damage/25-06-16_18-09-15_GW_ID_T43_200bar.h5,43,200,random,complete,,0.5551765379272947,True,no_alarm,0.26176235558731215,0.15068113590989793,False,0.6211955398321152,0.24775414594582149,True,0.6146341157811028,0.27795074454375673,False,0.5705705221210208,0.36643137889248983,False,0.5528633764811924,0.3933023235627583,False
reversible,T43_Reversible_Damage/25-06-11_07-32-20_GW_RD_T43_700bar.h5,43,700,descending,complete,,0.6311686236889346,True,no_alarm,0.1915102478648935,0.08757897572857994,False,0.36765906108277185,0.1697514866079603,False,0.548493532197816,0.16934863371508463,False,0.5336707606911659,0.28923387612615314,False,0.6006793124335152,0.3195514189345496,True
reversible,T43_Reversible_Damage/25-06-11_07-38-47_GW_RD_T43_650bar.h5,43,650,descending,complete,,0.5420457226368198,True,no_alarm,0.19128491676279477,0.08255266078880855,False,0.3713982818382127,0.16924925574234553,False,0.5460050020899091,0.16588238094534194,False,0.5255229473114014,0.2781575492450169,False,0.5971801217113223,0.30412604340485166,True
reversible,T43_Reversible_Damage/25-06-11_07-45-20_GW_RD_T43_600bar.h5,43,600,descending,complete,,0.5459490587935621,True,no_alarm,0.19378100069505827,0.07845766203744071,False,0.3848108063851084,0.16793731706483023,False,0.5269164123705455,0.15780472968305861,False,0.5170163022620338,0.2685431092977524,False,0.5918132077370372,0.2949694352490561,True
reversible,T43_Reversible_Damage/25-06-11_07-51-47_GW_RD_T43_550bar.h5,43,550,descending,complete,,0.5811748625819237,True,no_alarm,0.19496840983629227,0.07500577611582619,False,0.406337209045887,0.1608919565166746,False,0.5097948334046772,0.16171170132500784,False,0.5150285927312714,0.2561857615198408,False,0.5870223492383957,0.2827104798385075,True
reversible,T43_Reversible_Damage/25-06-11_07-58-02_GW_RD_T43_500bar.h5,43,500,descending,complete,,0.5503511188918829,True,no_alarm,0.20021345413156919,0.06948351434298924,False,0.424773524914469,0.1553358414343425,False,0.5346532591751644,0.16905491054058075,False,0.5202013307384082,0.24747527284281595,False,0.5783754629748208,0.2625039943626949,False
reversible,T43_Reversible_Damage/25-06-11_08-04-23_GW_RD_T43_450bar.h5,43,450,descending,complete,,0.5376993226838536,True,no_alarm,0.2061690730707986,0.06675422191619873,False,0.4263097995093891,0.15026910177298955,False,0.5335004531911441,0.17391114362648555,False,0.5226712024637631,0.22941032264913833,False,0.5639397576451302,0.24325899354049138,False
reversible,T43_Reversible_Damage/25-06-11_08-11-17_GW_RD_T43_400bar.h5,43,400,descending,complete,,0.5168339338536804,True,no_alarm,0.22354003520948545,0.06277319363185338,False,0.4321580816592489,0.13851062740598405,False,0.5475858471223286,0.17211679688521794,False,0.5273938668625695,0.2120688110589981,False,0.5501322246023587,0.22479526911463057,False
reversible,T43_Reversible_Damage/25-06-11_08-23-32_GW_RD_T43_350bar.h5,43,350,descending,complete,,0.5142923108360212,True,no_alarm,0.2603238523006439,0.06819021488939013,False,0.47184679337910246,0.15325591181005752,False,0.5183692659650531,0.16579159242766245,False,0.5233274613107953,0.23001149083886827,False,0.556242439363684,0.24553437956741878,False
reversible,T43_Reversible_Damage/25-06-11_08-30-02_GW_RD_T43_300bar.h5,43,300,descending,complete,,0.5162215138235474,True,no_alarm,0.25184531190565657,0.04903767151491983,False,0.5020748940961701,0.14622542262077332,True,0.5173952132463455,0.1717891309942518,False,0.5084949263504573,0.18536088083471572,False,0.5197968057223729,0.1858509544815336,False
reversible,T43_Reversible_Damage/25-06-11_08-36-35_GW_RD_T43_250bar.h5,43,250,descending,complete,,0.5225554178504503,True,no_alarm,0.19839826971292496,0.049217209219932556,False,0.4658405440194266,0.13903611259801046,False,0.5337587509836469,0.17037853598594666,False,0.5367916630847114,0.17669701789106643,False,0.5054327462400708,0.1523312415395464,False
reversible,T43_Reversible_Damage/25-06-11_08-42-59_GW_RD_T43_200bar.h5,43,200,descending,complete,,0.527913288898805,True,no_alarm,0.19790714819516456,0.05654543425355639,False,0.510024120765073,0.17780130675860814,True,0.5419248715043068,0.17214909834521158,False,0.553317951304572,0.159401074051857,False,0.503092246396201,0.12509397097996303,False
reversible,T43_Reversible_Damage/25-06-11_08-49-20_GW_RD_T43_150bar.h5,43,150,descending,complete,,0.5259686513568167,True,no_alarm,0.2233525775372982,0.0677065019096647,False,0.5201585793069431,0.16871053619044168,True,0.5355651453137398,0.19416838245732443,False,0.5799780104841504,0.15258967876434326,False,0.5075222424098423,0.1287302736725126,False
reversible,T43_Reversible_Damage/25-06-11_08-55-35_GW_RD_T43_100bar.h5,43,100,descending,complete,,0.5555536789270262,True,no_alarm,0.21483596999730384,0.07738260286194938,False,0.4821814564721925,0.17799694197518484,False,0.5507164193051202,0.19027523057801382,False,0.6301543478454862,0.14473881253174373,False,0.4993095323443413,0.13700416258403234,False
reversible,T43_Reversible_Damage/25-06-11_09-02-32_GW_RD_T43_50bar.h5,43,50,descending,complete,,0.6121553119170012,True,no_alarm,0.20984560889857157,0.07742589925016675,False,0.37511330204350607,0.15071535749094828,False,0.5490294407520976,0.20877499665532792,False,0.6602560664926257,0.16378332248755864,False,0.5268107759101051,0.16574669310024806,False
reversible,T43_Reversible_Damage/25-06-11_09-15-59_GW_RD_T43_100bar.h5,43,100,random,complete,,0.5741707320678618,True,no_alarm,0.23205892315932683,0.07635833323001862,False,0.5545231944748333,0.16069345814841135,True,0.6163409437452044,0.2418223981346403,False,0.714059367775917,0.20063300217900956,False,0.5762595151151929,0.2282448709011078,False
reversible,T43_Reversible_Damage/25-06-11_09-21-29_GW_RD_T43_650bar.h5,43,650,random,complete,,0.5297945091947343,True,no_alarm,0.19556432802762305,0.08977197323526655,False,0.39841627542461666,0.1779034627335412,False,0.4809124671987125,0.18773214306150163,False,0.5156264443482671,0.28742305082934244,False,0.5937200295073646,0.306813508272171,True
reversible,T43_Reversible_Damage/25-06-11_09-26-59_GW_RD_T43_700bar.h5,43,700,random,complete,,0.6223829223665146,True,no_alarm,0.1886932189975466,0.08986375800200871,False,0.3513261356524059,0.177127406001091,False,0.41434441826173235,0.16725858407361166,False,0.4907197750040463,0.2912768040384565,False,0.5719064176082611,0.3170647493430546,False
reversible,T43_Reversible_Damage/25-06-11_09-32-20_GW_RD_T43_300bar.h5,43,300,random,complete,,0.5240108735290361,True,no_alarm,0.242343896733863,0.0588930823973247,False,0.47080074570008684,0.13980621312345778,False,0.41335593270404,0.16518548130989075,False,0.46445653800453457,0.1582726878779275,False,0.497746225978647,0.1147478563444955,False
reversible,T43_Reversible_Damage/25-06-11_09-37-41_GW_RD_T43_150bar.h5,43,150,random,complete,,0.5123327503671721,True,no_alarm,0.217388248869351,0.09527720085212163,False,0.5179731707487788,0.19820073246955872,True,0.44170880743435453,0.20778557658195496,False,0.46092605910130907,0.2095463744231633,False,0.48169025778770447,0.2234691722052438,False
reversible,T43_Reversible_Damage/25-06-11_09-43-02_GW_RD_T43_350bar.h5,43,350,random,complete,,0.5551846946061701,True,no_alarm,0.24697164126804896,0.06756324853215899,False,0.4535117383514132,0.15018618319715774,False,0.4283995788012232,0.16589057658399856,False,0.4723144258771624,0.21041228302887507,False,0.5287195146083832,0.2311090784413474,False
reversible,T43_Reversible_Damage/25-06-11_09-48-50_GW_RD_T43_500bar.h5,43,500,random,complete,,0.5098880223684048,True,no_alarm,0.22470569131629808,0.07917366921901703,False,0.4672846570611,0.18581342484269822,False,0.5000883564352989,0.22709268970148905,False,0.5500169694423676,0.3082972126347678,False,0.6165414601564407,0.2843714100973947,True
reversible,T43_Reversible_Damage/25-06-11_09-54-44_GW_RD_T43_600bar.h5,43,600,random,complete,,0.5322880153709725,True,no_alarm,0.2091785648039409,0.07959593832492828,False,0.4177758651120322,0.179408032979284,False,0.42978126662118094,0.1999487429857254,False,0.5124580679195267,0.29255550674029757,False,0.5975451426846641,0.2893677460295813,True
reversible,T43_Reversible_Damage/25-06-11_10-02-11_GW_RD_T43_250bar.h5,43,250,random,complete,,0.5454380860973803,True,no_alarm,0.22008290088602475,0.0651046974318368,False,0.49698157821382793,0.14740765520504542,False,0.468915764774595,0.20471914538315364,False,0.49961649094309124,0.21942728119237082,False,0.5331143513321877,0.1816582211426326,False
reversible,T43_Reversible_Damage/25-06-11_10-07-41_GW_RD_T43_550bar.h5,43,550,random,complete,,0.5103735614930438,True,no_alarm,0.21300584343927248,0.07855786170278277,False,0.4538145682641438,0.18000799204621995,False,0.43731944475855145,0.20063365357262747,False,0.5116687470248767,0.2940715423652104,False,0.599831821663039,0.28522575965949465,True
reversible,T43_Reversible_Damage/25-06-11_10-18-44_GW_RD_T43_450bar.h5,43,450,random,complete,,0.5064883198667164,True,no_alarm,0.2301524206995964,0.08279407237257276,False,0.49315901207072393,0.18794651755264827,False,0.5286922050373895,0.24356594255992345,False,0.53904021105596,0.3090702657188688,False,0.6028274766036442,0.28469843736716677,True
reversible,T43_Reversible_Damage/25-06-11_10-24-02_GW_RD_T43_400bar.h5,43,400,random,complete,,0.5210868163382458,True,no_alarm,0.22743108655725205,0.07640255774770464,False,0.47006991505622864,0.167093568614551,False,0.49566767684050966,0.22236377000808716,False,0.5074818783572742,0.2676687666348049,False,0.5703938262803214,0.25849685072898865,False
reversible,T43_Reversible_Damage/25-06-11_10-29-26_GW_RD_T43_50bar.h5,43,50,random,complete,,0.6292011000463511,True,no_alarm,0.19568753189274243,0.07181409214224134,False,0.3655979015997478,0.1424624983753477,False,0.45007211714982986,0.20995984758649552,False,0.4685999495642526,0.15986348688602448,False,0.4593933086310114,0.17352602098669326,False
reversible,T43_Reversible_Damage/25-06-11_10-34-44_GW_RD_T43_200bar.h5,43,200,random,complete,,0.5654034609515103,True,no_alarm,0.2164239745054926,0.09788315849644798,False,0.5812097702707563,0.19899863856179373,True,0.5393389974321637,0.2392785464014326,False,0.5041362792253494,0.2619142404624394,False,0.533176101744175,0.24316173791885376,False
baseline,T49_Baseline/25-06-04_17-50-29_GW_Baseline_T49_100bar.h5,49,100,random,complete,,0.5202935185089983,True,no_alarm,0.13032215567571775,0.0528713230575834,False,0.616117041025843,0.1441949371780668,True,0.33558961749076843,0.13637059714112962,False,0.46612251017774853,0.14606002186025893,False,0.4387443374310221,0.19000875524112157,False
baseline,T49_Baseline/25-06-04_17-56-02_GW_Baseline_T49_650bar.h5,49,650,random,complete,,0.5686982990523228,True,no_alarm,0.07640112244657107,0.01831548980304173,False,0.17559616108025825,0.03251355034964425,False,0.4064473254340036,0.04935977714402335,False,0.36342959638152805,0.055700293609074185,False,0.4789138691765921,0.06046349235943386,False
baseline,T49_Baseline/25-06-04_18-01-32_GW_Baseline_T49_700bar.h5,49,700,random,complete,,0.5790460956353493,True,no_alarm,0.07407385536602565,0.014525377324649267,False,0.13971059450081416,0.033649487154824395,False,0.31860964958156857,0.04118931719235012,False,0.29873758873769213,0.05409046368939536,False,0.4723504739148276,0.06585130521229335,False
baseline,T49_Baseline/25-06-04_18-06-53_GW_Baseline_T49_300bar.h5,49,300,random,complete,,0.5459345196463771,True,no_alarm,0.13229434830801828,0.06739457164491926,False,0.24089518668396132,0.11598268151283264,False,0.3148881494998932,0.11687736426080976,False,0.43756489775010515,0.24295902252197266,False,0.5567164995840618,0.28068014127867563,False
baseline,T49_Baseline/25-06-04_18-12-14_GW_Baseline_T49_150bar.h5,49,150,random,complete,,0.5498213735506906,True,no_alarm,0.09270344914070197,0.03925532102584839,False,0.18281900403755053,0.06769958989960807,False,0.2494733567748751,0.0811135470867157,False,0.3511281151856695,0.15044408185141428,False,0.454393738082477,0.21766914640154159,False
baseline,T49_Baseline/25-06-04_18-17-32_GW_Baseline_T49_350bar.h5,49,350,random,complete,,0.5035357563287205,True,no_alarm,0.0758042245038918,0.0112988714660917,False,0.13269593114299433,0.044283626335007806,False,0.1938080122428281,0.03125805301325662,False,0.24564935958811215,0.04831533772604806,False,0.45971234355654034,0.058043130806514194,False
baseline,T49_Baseline/25-06-04_18-23-23_GW_Baseline_T49_500bar.h5,49,500,random,complete,,0.4998369899811207,True,no_alarm,0.14330960597310746,0.03860971544470106,False,0.24749726429581642,0.08130491844245366,False,0.4055718726345471,0.11563065009457725,False,0.4330943727067539,0.12878793478012085,False,0.5037308250154767,0.07716515234538487,False
baseline,T49_Baseline/25-06-04_18-29-17_GW_Baseline_T49_600bar.h5,49,600,random,complete,,0.5149622821679731,True,no_alarm,0.11935474324439253,0.02068735659122467,False,0.2072702103427478,0.04202994278499058,False,0.377278456730502,0.06492446150098528,False,0.37180743153606144,0.054314449429512024,False,0.4824168724673135,0.06608247118336814,False
baseline,T49_Baseline/25-06-04_18-36-44_GW_Baseline_T49_250bar.h5,49,250,random,complete,,0.5220608702794378,True,no_alarm,0.13477641131196702,0.04565131877149854,False,0.2590604935373579,0.07998902031353541,False,0.2852386917386736,0.09688464019979749,False,0.35768844932317734,0.10237351059913635,False,0.4542503261140415,0.08285242744854518,False
baseline,T49_Baseline/25-06-04_18-53-17_GW_Baseline_T49_450bar.h5,49,450,random,complete,,0.48412603414116784,True,no_alarm,0.15231050284845488,0.05188546861921038,False,0.27891012174742563,0.10842379927635193,False,0.38686056222234455,0.14937170275620051,False,0.44825414781059536,0.1913451233080455,False,0.5168504055057254,0.11919933770384107,False
baseline,T49_Baseline/25-06-04_18-58-35_GW_Baseline_T49_400bar.h5,49,400,random,complete,,0.45919350575029866,True,no_alarm,0.11209739185869694,0.04240533496652331,False,0.22547912704093115,0.08391470994268145,False,0.31956030428409576,0.11655495635100774,False,0.3709181621670723,0.14077941008976527,False,0.46974724531173706,0.11581068379538399,False
baseline,T49_Baseline/25-06-04_19-03-56_GW_Baseline_T49_50bar.h5,49,50,random,complete,,0.584255678390243,True,no_alarm,0.10742357293409961,0.016162548746381487,False,0.17723684970821654,0.030246236494609287,False,0.2602005127285208,0.03248576394149235,False,0.425926930138043,0.03853514577661242,False,0.3977175397532327,0.049888470343181064,False
baseline,T49_Baseline/25-06-04_19-09-17_GW_Baseline_T49_200bar.h5,49,200,random,complete,,0.4777546599314374,True,no_alarm,0.1564272152526038,0.11163512723786491,False,0.33812482761485235,0.17326833520616805,False,0.35543967357703615,0.1727191890989031,False,0.41952004922287806,0.24105091392993927,False,0.47610615513154436,0.2859503562961306,False
irreversible,T49_Irreversible_Damage/25-06-17_08-06-37_GW_ID_T49_700bar.h5,49,700,descending,complete,,0.5926753799708158,True,alarm,0.25442711849297794,0.11826575441019875,False,0.4997362175158092,0.2182453998497554,True,0.7892717442342213,0.22660312908036367,True,0.733164057135582,0.4322490394115448,False,0.7429060829537255,0.4160339172397341,True
irreversible,T49_Irreversible_Damage/25-06-17_08-13-04_GW_ID_T49_650bar.h5,49,650,descending,complete,,0.5775804530616544,True,alarm,0.2541721723973751,0.11616999975272588,False,0.5022559325609889,0.2209277323314122,True,0.7928306651966912,0.21463763075215475,True,0.7129928192922047,0.4211500095469611,False,0.7409082118953977,0.4053307729107993,True
irreversible,T49_Irreversible_Damage/25-06-17_08-19-40_GW_ID_T49_600bar.h5,49,600,descending,complete,,0.5731991835949796,True,alarm,0.25509597307869364,0.11228792369365692,False,0.513723332967077,0.2180819639137813,True,0.7886149798120771,0.20121939267430985,True,0.701486200094223,0.40566584042140413,False,0.7336138210126332,0.3956644598926817,True
irreversible,T49_Irreversible_Damage/25-06-17_08-32-19_GW_ID_T49_500bar.h5,49,500,descending,complete,,0.5816665938021339,True,alarm,0.25763977744749617,0.10266639292240143,False,0.5285466739109584,0.20731127049241746,True,0.7667705033506665,0.20026859853948867,True,0.7103357527937207,0.38378047730241505,False,0.7298410385847092,0.3772712286029543,True
irreversible,T49_Irreversible_Damage/25-06-17_08-38-37_GW_ID_T49_450bar.h5,49,450,descending,complete,,0.5907407610804563,True,alarm,0.26260982560259954,0.10013185228620257,False,0.5305777202759471,0.20117494676794326,True,0.7777392715215683,0.2046342875276293,True,0.7189904366220746,0.36925081482955385,False,0.7291280818837029,0.36860576272010803,True
irreversible,T49_Irreversible_Damage/25-06-17_08-45-31_GW_ID_T49_400bar.h5,49,400,descending,complete,,0.5464107103971584,True,alarm,0.2744251218225275,0.09619657908167158,False,0.5476242271917207,0.18866226715700968,True,0.7875714557511466,0.21160110192639486,True,0.7157589473894664,0.354017762201173,False,0.7173491716384888,0.35509397302355084,True
irreversible,T49_Irreversible_Damage/25-06-17_08-57-49_GW_ID_T49_350bar.h5,49,350,descending,complete,,0.5397164064902413,True,alarm,0.2921743776117052,0.10187749990395137,False,0.5556061502013888,0.2116277047566005,True,0.7875694717679705,0.2104135219539915,True,0.7204676994255611,0.3693881354161671,False,0.7108777995620456,0.3686158337763378,True
irreversible,T49_Irreversible_Damage/25-06-17_09-04-16_GW_ID_T49_300bar.h5,49,300,descending,complete,,0.5527423089777874,True,alarm,0.3436202417526926,0.09450283220836095,True,0.6052240665469851,0.18972871133259364,True,0.8017484843730927,0.21517205238342285,True,0.7573538443871907,0.32814642574105946,False,0.6865832188299724,0.34176199563911985,True
irreversible,T49_Irreversible_Damage/25-06-17_09-10-52_GW_ID_T49_250bar.h5,49,250,descending,complete,,0.5400809310108295,True,alarm,0.31591242126056124,0.08763168326445989,True,0.5980475076607296,0.18411984401089804,True,0.8137970055852618,0.21188417077064514,True,0.7968016862869263,0.28666444974286215,False,0.6751054887260709,0.29536647881780353,True
irreversible,T49_Irreversible_Damage/25-06-17_09-17-16_GW_ID_T49_200bar.h5,49,200,descending,complete,,0.5391060773036043,True,alarm,0.31947983907801764,0.09157462205205645,True,0.5810159593820572,0.17864330325807845,True,0.8075740848268781,0.22268882819584437,True,0.8379391857555935,0.25856336525508333,False,0.6987694863762174,0.27734106140477316,True
irreversible,T49_Irreversible_Damage/25-06-17_09-23-34_GW_ID_T49_150bar.h5,49,150,descending,complete,,0.542517344402839,True,alarm,0.3321566124047552,0.09166969784668513,True,0.6061907772506986,0.18831332666533335,True,0.8061281442642212,0.24637978417532785,True,0.9201403898852212,0.21084189414978027,True,0.7628168272120612,0.20494335889816284,True
irreversible,T49_Irreversible_Damage/25-06-17_09-29-52_GW_ID_T49_100bar.h5,49,100,descending,complete,,0.571395252950468,True,alarm,0.355609692633152,0.1166907570191792,True,0.6002535798719951,0.21051771087305887,True,0.7689880771296365,0.23430979464735305,True,0.9515013077429363,0.2034470843417304,True,0.8100152292421886,0.1583249888249806,True
irreversible,T49_Irreversible_Damage/25-06-17_09-36-49_GW_ID_T49_50bar.h5,49,50,descending,complete,,0.5780675689461175,True,alarm,0.38419317241225925,0.11649353802204132,True,0.5227298119238445,0.17181441826479776,True,0.7617350220680237,0.2571786769798824,True,0.9595705909388406,0.20934921290193284,True,0.8365619246448789,0.19344988678182876,True
irreversible,T49_Irreversible_Damage/25-06-17_09-50-13_GW_ID_T49_100bar.h5,49,100,random,complete,,0.5416428677408264,True,alarm,0.35372459462710787,0.09322560046400342,True,0.6226924764258521,0.18866510263511113,True,0.7969524094036647,0.3032014774424689,True,0.9053492993116379,0.2645932925598962,True,0.8312161245516368,0.24605277606419154,True
irreversible,T49_Irreversible_Damage/25-06-17_09-55-46_GW_ID_T49_650bar.h5,49,650,random,complete,,0.5871768586777666,True,alarm,0.2533319081578936,0.11879681263651166,False,0.5085588257227626,0.22425250496183122,True,0.796558848449162,0.2366398721933365,True,0.7030984269721168,0.4296132262263979,False,0.7359279521874019,0.4068040975502559,True
irreversible,T49_Irreversible_Damage/25-06-17_10-01-16_GW_ID_T49_700bar.h5,49,700,random,complete,,0.5878088421276709,True,no_alarm,0.24377011507749557,0.119423474584307,False,0.4616899575505938,0.22626698655741556,False,0.7920751997402736,0.2184546653713499,True,0.6865947182689395,0.4344210220234735,False,0.7039651423692703,0.4161962419748306,True
irreversible,T49_Irreversible_Damage/25-06-17_10-06-37_GW_ID_T49_300bar.h5,49,300,random,complete,,0.5459248800701386,True,alarm,0.3244584117616926,0.07481789588928223,True,0.5593871240104947,0.1658157535961696,True,0.8071767730372292,0.20280675377164567,True,0.771340434040342,0.23229180915015085,False,0.6568724768502372,0.23601068556308746,True
irreversible,T49_Irreversible_Damage/25-06-17_10-11-58_GW_ID_T49_150bar.h5,49,150,random,complete,,0.5527435801899018,True,alarm,0.3058920055627823,0.11148290761879512,True,0.5996156334877014,0.22127197682857513,True,0.8238281586340496,0.23450910406453268,True,0.9010479003190994,0.18820352213723318,True,0.7292021938732692,0.16345151833125524,True
irreversible,T49_Irreversible_Damage/25-06-17_10-17-19_GW_ID_T49_350bar.h5,49,350,random,complete,,0.5089704550253689,True,alarm,0.2750307342835835,0.10191628975527627,False,0.5199373130287442,0.20574879859175002,True,0.7858589887619019,0.20001721595014846,True,0.6899463874953133,0.35273116401263643,False,0.6764538713863918,0.35668460173266275,True
irreversible,T49_Irreversible_Damage/25-06-17_10-23-10_GW_ID_T49_500bar.h5,49,500,random,complete,,0.502606859576923,True,alarm,0.2796646329973425,0.1176951208284923,False,0.5605738162994385,0.23091758149010794,True,0.7738778974328723,0.263940691947937,True,0.7141936272382736,0.43311106732913424,False,0.7334040531090328,0.39787124523094725,True
irreversible,T49_Irreversible_Damage/25-06-17_10-29-01_GW_ID_T49_600bar.h5,49,600,random,complete,,0.5191666803989605,True,alarm,0.26393127175314085,0.11470971362931388,False,0.5121210696441787,0.22833056960787093,True,0.7848996158157077,0.23292438898767745,True,0.6790140015738351,0.41777617803641726,False,0.71589523766722,0.3923258589846747,True
irreversible,T49_Irreversible_Damage/25-06-17_10-36-28_GW_ID_T49_250bar.h5,49,250,random,complete,,0.5361836290135238,True,alarm,0.33499944848673685,0.10931969327586037,True,0.617516536797796,0.2116757333278656,True,0.8120521796601159,0.25336764114243643,True,0.7726095297506878,0.3286913526909692,False,0.6633034582648959,0.3252915548426764,True
irreversible,T49_Irreversible_Damage/25-06-17_10-53-07_GW_ID_T49_450bar.h5,49,450,random,complete,,0.5000054689598169,True,alarm,0.28004168293305803,0.12552132776805333,False,0.5672247069222587,0.23773124601159776,True,0.7940133001123156,0.2859559825488499,True,0.7120516534362521,0.4495308037315096,False,0.7330645599535534,0.4131985179015568,True
irreversible,T49_Irreversible_Damage/25-06-17_10-58-22_GW_ID_T49_400bar.h5,49,400,random,complete,,0.46021402849322873,True,alarm,0.2707822285592556,0.120990304010255,False,0.5430623175842422,0.22405152022838593,True,0.79556505382061,0.2677955073969705,True,0.6935038375002998,0.4194278823477881,False,0.6989131314413888,0.41049101310116903,True
irreversible,T49_Irreversible_Damage/25-06-17_11-03-46_GW_ID_T49_50bar.h5,49,50,random,complete,,0.5941403246667392,True,alarm,0.30954633014542715,0.1130068451166153,True,0.42945064284971785,0.15688275226524898,False,0.7655796983412334,0.2513625749519893,True,0.8716093003749847,0.19928772747516632,False,0.702493565423148,0.19476173392363957,True
irreversible,T49_Irreversible_Damage/25-06-17_11-09-01_GW_ID_T49_200bar.h5,49,200,random,complete,,0.5006331351902761,True,alarm,0.3102544216173036,0.15889420253889902,True,0.574346800999982,0.25498037891728537,True,0.8165119545800346,0.3001243770122528,True,0.7731845889772687,0.3818422981670925,False,0.6514374847923007,0.41850087472370695,True
reversible,T49_Reversible_Damage/25-06-11_13-56-06_GW_RD_T49_700bar.h5,49,700,descending,complete,,0.6209210962690677,True,no_alarm,0.1884089596569538,0.08637347604547228,False,0.34555477116789135,0.1661650197846549,False,0.36718003026076723,0.16218188192163194,False,0.4805898613163403,0.28843221068382263,False,0.5759970183883395,0.29475524170058115,False
reversible,T49_Reversible_Damage/25-06-11_14-02-36_GW_RD_T49_650bar.h5,49,650,descending,complete,,0.6009542626829631,True,no_alarm,0.18791556837303297,0.07934306561946869,False,0.3551767723900931,0.16583859069006784,False,0.3664837160280773,0.15917835916791642,False,0.46763738457645687,0.2722781279257366,False,0.5710703730583191,0.28395597849573406,False
reversible,T49_Reversible_Damage/25-06-11_14-09-09_GW_RD_T49_600bar.h5,49,600,descending,complete,,0.5502068612142675,True,no_alarm,0.18758184409567288,0.07530200481414795,False,0.3668931892939976,0.1613421652998243,False,0.3641845839364188,0.15771297684737615,False,0.45989113620349337,0.25900828412600924,False,0.5611507956470762,0.269693170275007,False
reversible,T49_Reversible_Damage/25-06-11_14-21-51_GW_RD_T49_500bar.h5,49,500,descending,complete,,0.5782844174118863,True,no_alarm,0.19305530403341567,0.06818103790283203,False,0.4037551720227514,0.1427139469555446,False,0.3826327845454216,0.16712992744786398,False,0.4572145619562694,0.23367433462824141,False,0.5404176062771252,0.24062612652778625,False
reversible,T49_Reversible_Damage/25-06-11_14-28-09_GW_RD_T49_450bar.h5,49,450,descending,complete,,0.5774645386885974,True,no_alarm,0.20000315883329936,0.0653093159198761,False,0.4101384718503271,0.1344817876815796,False,0.38507966697216034,0.16885370654719217,False,0.4469090242471014,0.20669065628732955,False,0.5259318234665054,0.21376451211316244,False
reversible,T49_Reversible_Damage/25-06-11_14-35-06_GW_RD_T49_400bar.h5,49,400,descending,complete,,0.5382449011395164,True,no_alarm,0.2080752876188074,0.059290645377976556,False,0.4321802950331143,0.12854128863130296,False,0.3906507609145982,0.17387062736919948,False,0.4365312478372029,0.1865238185439791,False,0.508073261805943,0.18198406909193313,False
reversible,T49_Reversible_Damage/25-06-11_14-47-18_GW_RD_T49_350bar.h5,49,350,descending,complete,,0.5478773833207693,True,no_alarm,0.22579557661499297,0.0580533104283469,False,0.44377181785447256,0.14097856836659567,False,0.415169395506382,0.1699030910219465,False,0.45232164434024263,0.20673741825989314,False,0.5211034161703927,0.21544928210122244,False
reversible,T49_Reversible_Damage/25-06-11_14-53-48_GW_RD_T49_300bar.h5,49,300,descending,complete,,0.553721084523486,True,no_alarm,0.2619857442166124,0.0481469418321337,False,0.48844791097300394,0.1423578645501818,False,0.4261893204280308,0.1715139959539686,False,0.4417711613433702,0.16649557650089264,False,0.48743083647319246,0.1314257894243513,False
reversible,T49_Reversible_Damage/25-06-11_15-00-21_GW_RD_T49_250bar.h5,49,250,descending,complete,,0.5566487993754239,True,no_alarm,0.2111863956919738,0.04744375816413334,False,0.4938378067953246,0.16326914301940373,False,0.4326425130878176,0.1744186750480107,False,0.43892125146729605,0.15589960770947592,False,0.4746432804635593,0.10873305158955711,False
reversible,T49_Reversible_Damage/25-06-11_15-06-48_GW_RD_T49_200bar.h5,49,200,descending,complete,,0.5469012004097731,True,no_alarm,0.19173787321363175,0.05722995315279279,False,0.4626560030238969,0.16445923703057425,False,0.44749004606689724,0.18472076526709966,False,0.4284572995134762,0.157904252409935,False,0.45761375448533465,0.1091376394033432,False
reversible,T49_Reversible_Damage/25-06-11_15-13-06_GW_RD_T49_150bar.h5,49,150,descending,complete,,0.5571302283583227,True,no_alarm,0.2145629402782236,0.07116119989327022,False,0.4779120704957417,0.1663867746080671,False,0.44635425188711714,0.20496646421296255,False,0.43829922271626337,0.15799524102892196,False,0.4496441749589784,0.12599158712795802,False
reversible,T49_Reversible_Damage/25-06-11_15-19-24_GW_RD_T49_100bar.h5,49,100,descending,complete,,0.5741695288343523,True,no_alarm,0.20894815932427133,0.07747970947197505,False,0.4545461780258587,0.16691220019544875,False,0.4343956655689648,0.19502711296081543,False,0.4202615161027227,0.15190934709140233,False,0.41713227863822666,0.13083282113075256,False
reversible,T49_Reversible_Damage/25-06-11_15-26-18_GW_RD_T49_50bar.h5,49,50,descending,complete,,0.6014956161637511,True,no_alarm,0.20329793436186655,0.0767448480640139,False,0.3331219713602747,0.11775270317281995,False,0.41972060820886065,0.2011371467794691,False,0.4337583194885935,0.15178656578063965,False,0.4495460646493094,0.15575472159045084,False
reversible,T49_Reversible_Damage/25-06-11_15-39-42_GW_RD_T49_100bar.h5,49,100,random,complete,,0.5552208421120827,True,no_alarm,0.22215863317251205,0.07335124484130315,False,0.4912894346884319,0.14617680226053512,False,0.5288295149803162,0.2613396303994315,False,0.5691640249320439,0.21992580166884831,False,0.5409880365644183,0.19809351861476898,False
reversible,T49_Reversible_Damage/25-06-11_15-45-15_GW_RD_T49_650bar.h5,49,650,random,complete,,0.6046329373285463,True,no_alarm,0.202580203967435,0.08353551157883235,False,0.39380266943148207,0.17793384407247817,False,0.4982487718973841,0.1872779918568475,False,0.5201268845370838,0.2917342207261494,False,0.6012381804840905,0.29135396225111826,True
reversible,T49_Reversible_Damage/25-06-11_15-50-45_GW_RD_T49_700bar.h5,49,700,random,complete,,0.6233642535770872,True,no_alarm,0.18919610817517554,0.08320709850106921,False,0.3398945948907307,0.17455706000328064,False,0.45931219841752735,0.15837684273719788,False,0.5000345855951309,0.2836241934980665,False,0.5832928514906338,0.2947778808219092,True
reversible,T49_Reversible_Damage/25-06-11_15-56-09_GW_RD_T49_300bar.h5,49,300,random,complete,,0.5395938387438316,True,no_alarm,0.25653503622327534,0.0782139024564198,False,0.4440521853310721,0.16261900748525346,False,0.3975334433572633,0.172305486031941,False,0.4788285962172917,0.25000106011118206,False,0.5349993301289422,0.2320795442376818,False
reversible,T49_Reversible_Damage/25-06-11_16-01-27_GW_RD_T49_150bar.h5,49,150,random,complete,,0.5235222511169813,True,no_alarm,0.21212594423975265,0.08982835284301213,False,0.4882850189294134,0.19487034848758153,False,0.4035090889249529,0.19517352325575693,False,0.44485615300280706,0.2033819385937282,False,0.47669193680797306,0.25255640915461947,False
reversible,T49_Reversible_Damage/25-06-11_16-06-48_GW_RD_T49_350bar.h5,49,350,random,complete,,0.5434888434669956,True,no_alarm,0.22134330815502576,0.05248048050062997,False,0.426434049648898,0.13118018209934235,False,0.40451431593724657,0.16661720829350607,False,0.45702978649309706,0.1877408559833254,False,0.5171943211129734,0.19517682705606734,False
reversible,T49_Reversible_Damage/25-06-11_16-12-36_GW_RD_T49_500bar.h5,49,500,random,complete,,0.5697424856947944,True,no_alarm,0.2338046452828816,0.08193201891013555,False,0.46320855830396923,0.17887007977281297,False,0.5315350208963666,0.23500576402459825,False,0.5629996103899819,0.2992198658840997,False,0.6160237320831844,0.27782232207911356,True
reversible,T49_Reversible_Damage/25-06-11_16-18-30_GW_RD_T49_600bar.h5,49,600,random,complete,,0.5820564884702665,True,no_alarm,0.215583329222032,0.07611191698483058,False,0.4140353245394571,0.1734571031161717,False,0.48620193558079855,0.18966135382652283,False,0.5301650858351162,0.27795813764844624,False,0.5997106922524316,0.2727205881050655,True
reversible,T49_Reversible_Damage/25-06-11_16-25-57_GW_RD_T49_250bar.h5,49,250,random,complete,,0.5171992780571242,True,no_alarm,0.24296930538756506,0.05985557394368308,False,0.5569800063967705,0.1882540796484266,True,0.5127733445593289,0.21437898703983851,False,0.5162147347416196,0.20968839951923915,False,0.5420673010604722,0.15176362650735037,False
reversible,T49_Reversible_Damage/25-06-11_16-42-30_GW_RD_T49_450bar.h5,49,450,random,complete,,0.5682642994668132,True,no_alarm,0.24244065902062825,0.0903732989515577,False,0.49110008563314167,0.18782801926136017,False,0.5457631456000465,0.25635855964251925,False,0.5747525862285069,0.32775762251445223,False,0.6257484874555043,0.2975996711424419,True
reversible,T49_Reversible_Damage/25-06-11_16-47-48_GW_RD_T49_400bar.h5,49,400,random,complete,,0.5244961240712467,True,no_alarm,0.2276486243520464,0.07398209614413125,False,0.4658415083374296,0.16377043511186326,False,0.5100714894277709,0.2252027371100017,False,0.533517276602132,0.27540225854941774,False,0.5769401618412563,0.2658387486423765,False
reversible,T49_Reversible_Damage/25-06-11_16-53-09_GW_RD_T49_50bar.h5,49,50,random,complete,,0.6428359584903292,True,no_alarm,0.2141967894775527,0.08004515724522727,False,0.3265928104519844,0.11557867271559578,False,0.40590270182916094,0.1941303930112294,False,0.4726840427943638,0.14506022206374578,False,0.45747605179037365,0.16717826468603952,False
reversible,T49_Reversible_Damage/25-06-11_16-58-30_GW_RD_T49_200bar.h5,49,200,random,complete,,0.5395953776930743,True,no_alarm,0.22685724603278296,0.11913087112562996,False,0.5046350104468209,0.19077337639672415,True,0.5783905440143177,0.2599404326507023,False,0.5283878913947514,0.29028576825346264,False,0.542142744575228,0.30807122375283924,False
baseline,T55_Baseline/25-06-05_10-09-18_GW_Baseline_T55_100bar.h5,55,100,random,complete,,0.5779499729947959,True,no_alarm,0.16725911679012434,0.056743430239813666,False,0.5501297765544483,0.1295899131468364,True,0.32764123167310444,0.14128488302230835,False,0.42391067636864527,0.1536051801272801,False,0.42854919178145273,0.19662595433848246,False
baseline,T55_Baseline/25-06-05_10-14-51_GW_Baseline_T55_650bar.h5,55,650,random,complete,,0.5655881903082698,True,no_alarm,0.07525700011423656,0.01910359731742314,False,0.20654047706297465,0.044533378311565945,False,0.19300157630017825,0.06539170444011688,False,0.2598243158842836,0.09435678379876274,False,0.46279774606227875,0.06777379555361611,False
baseline,T55_Baseline/25-06-05_10-20-21_GW_Baseline_T55_700bar.h5,55,700,random,complete,,0.6592365804610936,True,no_alarm,0.07528520801237651,0.018449659858431135,False,0.21569936403206416,0.03583100012370518,False,0.2748653484242303,0.046459430030414035,False,0.32123530017478125,0.09231765142508916,False,0.47975048422813416,0.07052154200417655,False
baseline,T55_Baseline/25-06-05_10-25-42_GW_Baseline_T55_300bar.h5,55,300,random,complete,,0.5999850041412104,True,no_alarm,0.144229280097144,0.0850892790726253,False,0.2878497636743954,0.12712189980915614,False,0.38243518024683,0.12558172856058394,False,0.5201622290270669,0.2786441573074886,False,0.6009307759148734,0.3406184869153159,True
baseline,T55_Baseline/25-06-05_10-31-03_GW_Baseline_T55_150bar.h5,55,150,random,complete,,0.6214098154151572,True,no_alarm,0.11274164595774241,0.03357324855668204,False,0.24651955121329852,0.062427520751953125,False,0.37935205549001694,0.09157160776002067,False,0.5410372508423669,0.12789716465132578,False,0.5069090372749737,0.18146711587905884,False
baseline,T55_Baseline/25-06-05_10-36-21_GW_Baseline_T55_350bar.h5,55,350,random,complete,,0.5530211806261099,True,no_alarm,0.0953092287693705,0.013328516057559423,False,0.222135707203831,0.033513284155300686,False,0.27684109445129124,0.03643643430301121,False,0.33394068479537964,0.05844515562057495,False,0.4521548343556268,0.06446043508393424,False
baseline,T55_Baseline/25-06-05_10-42-12_GW_Baseline_T55_500bar.h5,55,500,random,complete,,0.5472270038134954,True,no_alarm,0.14623849732535227,0.058540520923478265,False,0.2570550170327936,0.08337906215872083,False,0.29299569023506983,0.12324952014854976,False,0.361477544265134,0.17533800431660243,False,0.47594454352344784,0.1233064319406237,False
baseline,T55_Baseline/25-06-05_10-48-06_GW_Baseline_T55_600bar.h5,55,600,random,complete,,0.5763156247271479,True,no_alarm,0.11794964277318545,0.020533461655889238,False,0.2280806191265583,0.052662168230329244,False,0.23721567594579288,0.07332653020109449,False,0.2808557865875108,0.06493705936840602,False,0.4614464289375714,0.06547657081059047,False
baseline,T55_Baseline/25-06-05_10-55-30_GW_Baseline_T55_250bar.h5,55,250,random,complete,,0.5970630458861561,True,no_alarm,0.1354696513818843,0.05232727740492139,False,0.25643305267606464,0.07226612099579402,False,0.3667890195335661,0.09456811845302582,False,0.3955645422850336,0.10183431846754891,False,0.4292341630373682,0.09403313483510699,False
baseline,T55_Baseline/25-06-05_11-12-06_GW_Baseline_T55_450bar.h5,55,450,random,complete,,0.5091138280175989,True,no_alarm,0.15581572907311575,0.08221296966075897,False,0.28271994846207754,0.11872655579021998,False,0.44828696229628157,0.16459849902561732,False,0.4358001436505999,0.25039621548993246,False,0.49272999806063517,0.20639434031077794,False
baseline,T55_Baseline/25-06-05_11-17-24_GW_Baseline_T55_400bar.h5,55,400,random,complete,,0.5055046901503116,True,no_alarm,0.12783382460474968,0.056596262114388604,False,0.24916544875928334,0.08695479163101741,False,0.4940096693379538,0.11616348155907222,False,0.4616804005844252,0.17756413136209762,False,0.46121338116271154,0.16326526871749333,False
baseline,T55_Baseline/25-06-05_11-22-45_GW_Baseline_T55_50bar.h5,55,50,random,complete,,0.6633608951004717,True,no_alarm,0.18857289371745928,0.023469480020659312,False,0.3073605192559106,0.03145665781838553,False,0.6694649968828473,0.04625217190810612,False,0.888925279889788,0.039187799607004435,True,0.6623097296272006,0.05606045254639217,True
baseline,T55_Baseline/25-06-05_11-28-03_GW_Baseline_T55_200bar.h5,55,200,random,complete,,0.5498212609466014,True,no_alarm,0.15892626824123518,0.11995422627244677,False,0.32665655442646574,0.19474434001105173,False,0.5083609138216291,0.1773723406451089,False,0.5528355198247092,0.28198698801653727,False,0.4798697233200073,0.3362956387656076,False
irreversible,T55_Irreversible_Damage/25-06-17_14-35-04_GW_ID_T55_700bar.h5,55,700,descending,complete,,0.6123578271155803,True,no_alarm,0.259727168828249,0.15605882235935756,False,0.46436831993716104,0.24531038744109018,False,0.7842113354376384,0.229249473129,True,0.6630102864333561,0.43684432974883486,False,0.6625675175871167,0.4308355918952397,True
irreversible,T55_Irreversible_Damage/25-06-17_14-41-34_GW_ID_T55_650bar.h5,55,650,descending,complete,,0.5987303718655749,True,no_alarm,0.26234289152281626,0.1535549589565822,False,0.4654897855860846,0.23900909296103887,False,0.7823241118873868,0.2153473879609789,True,0.6598614986453738,0.4305176990372794,False,0.6504461658852441,0.42084887410913197,True
irreversible,T55_Irreversible_Damage/25-06-17_14-48-07_GW_ID_T55_600bar.h5,55,600,descending,complete,,0.5540008446309546,True,no_alarm,0.26264229097536634,0.14927616715431213,False,0.47774568519421984,0.22529791295528412,False,0.7706528646605355,0.20433524676731654,True,0.6532080620527267,0.42024852335453033,False,0.647967666387558,0.4121649648462023,True
irreversible,T55_Irreversible_Damage/25-06-17_15-00-49_GW_ID_T55_500bar.h5,55,500,descending,complete,,0.5337745261670299,True,no_alarm,0.2692091017961502,0.14002688016210282,False,0.4848568205322538,0.209550712789808,False,0.7647151244538171,0.20870506763458252,True,0.6673031385455813,0.37369903922080994,False,0.6410051520381655,0.38939307842935833,True
irreversible,T55_Irreversible_Damage/25-06-17_15-07-10_GW_ID_T55_450bar.h5,55,450,descending,complete,,0.5050753889813635,True,alarm,0.2724776432982513,0.13481513942990983,False,0.5061807142836707,0.20344216908727372,True,0.7750112861394882,0.20913273096084595,True,0.6798272388322013,0.3663239840950285,False,0.6358329100268227,0.3769513666629791,True
irreversible,T55_Irreversible_Damage/25-06-17_15-14-04_GW_ID_T55_400bar.h5,55,400,descending,complete,,0.4679994194930792,True,alarm,0.2844217281256403,0.1287812739610672,False,0.5090768943939891,0.19624908694199153,True,0.771677383354732,0.20724181618009294,True,0.7155649534293583,0.35856366583279203,False,0.6199502263750348,0.3662108587367194,True
irreversible,T55_Irreversible_Damage/25-06-17_15-26-22_GW_ID_T55_350bar.h5,55,350,descending,complete,,0.47603825126071797,True,alarm,0.28634474479726385,0.13240239237036025,False,0.51270692050457,0.22014543839863368,True,0.7718479761055538,0.2154231837817601,True,0.7116709479263851,0.36599273553916384,False,0.6148629997457776,0.3688762081520898,True
irreversible,T55_Irreversible_Damage/25-06-17_15-32-52_GW_ID_T55_300bar.h5,55,300,descending,complete,,0.48524526072210333,True,alarm,0.3307902589440346,0.11384269595146179,True,0.5529545343347958,0.18803022801876068,True,0.7812296492712838,0.20147692944322312,True,0.7324624870504651,0.30519166588783264,False,0.5882112341267722,0.33304638096264433,True
irreversible,T55_Irreversible_Damage/25-06-17_15-39-22_GW_ID_T55_250bar.h5,55,250,descending,complete,,0.4882561840362888,True,alarm,0.3369727347578321,0.10372430511883327,True,0.5411453417369297,0.17256075143814087,True,0.7868608768497195,0.21421137877873012,True,0.7972099184989929,0.2573694182293756,False,0.6157183349132538,0.27298201833452496,True
irreversible,T55_Irreversible_Damage/25-06-17_15-45-49_GW_ID_T55_200bar.h5,55,200,descending,complete,,0.48920125451655655,True,alarm,0.3410958690302713,0.10196150413581304,True,0.5420643591455051,0.16264037362166814,True,0.7811158895492554,0.21116554949964797,True,0.8589961550065449,0.2468888120991843,False,0.6893897418464933,0.2694257902247565,True
irreversible,T55_Irreversible_Damage/25-06-17_15-52-07_GW_ID_T55_150bar.h5,55,150,descending,complete,,0.4812529714720334,True,alarm,0.36250157015664236,0.08308057699884687,True,0.5654135474136898,0.1499939582177571,True,0.7892829371350152,0.2319053943668093,True,0.9285564507756915,0.20495839842728206,True,0.7687006422451564,0.16042523298944747,True
irreversible,T55_Irreversible_Damage/25-06-17_15-58-26_GW_ID_T55_100bar.h5,55,100,descending,complete,,0.5205918973438483,True,alarm,0.36624624899455477,0.08893818940435137,True,0.5646500608750752,0.16132247235093797,True,0.777994013258389,0.23500299879482814,True,0.9407619833946228,0.1907038688659668,True,0.8310643157788685,0.13781332543918065,True
irreversible,T55_Irreversible_Damage/25-06-17_16-05-23_GW_ID_T55_50bar.h5,55,50,descending,complete,,0.6329651619543438,True,alarm,0.4018020448940141,0.1026180556842259,True,0.5240348960672107,0.15671002013342722,True,0.7661265475409371,0.25383233598300387,True,0.9474225001675742,0.20843309376920974,True,0.8589847385883331,0.19151854940823146,True
irreversible,T55_Irreversible_Damage/25-06-17_16-18-47_GW_ID_T55_100bar.h5,55,100,random,complete,,0.4892511320751161,True,alarm,0.3454279974102974,0.10353916031973702,True,0.539885693362781,0.17305373506886618,True,0.7639908066817692,0.3224885144404003,True,0.8929630581821714,0.2773966001612799,True,0.7614778088671821,0.2660860632147108,True
irreversible,T55_Irreversible_Damage/25-06-17_16-24-23_GW_ID_T55_650bar.h5,55,650,random,complete,,0.4771310721536732,True,no_alarm,0.2611726165882179,0.15626838377543859,False,0.45386908096926554,0.24545732140541077,False,0.7617184860365731,0.24820702416556223,True,0.6013439340250832,0.4419288911989757,False,0.6461654092584338,0.42683220548289164,True
irreversible,T55_Irreversible_Damage/25-06-17_16-29-53_GW_ID_T55_700bar.h5,55,700,random,complete,,0.5882799994019745,True,no_alarm,0.26296353712677956,0.15519216656684875,False,0.4422818401030132,0.2522589883634022,False,0.7847825224910464,0.22216479267392839,True,0.6467701515981129,0.43456008604594637,False,0.6540157007319587,0.42511357367038727,True
irreversible,T55_Irreversible_Damage/25-06-17_16-35-14_GW_ID_T55_300bar.h5,55,300,random,complete,,0.4948247286054997,True,alarm,0.33814255467482973,0.06597076143537249,True,0.5346926269786698,0.14049664778368814,True,0.8150776709829058,0.14941016478197916,True,0.8348279467650822,0.1702520251274109,False,0.7065446845122746,0.16681416758469172,True
irreversible,T55_Irreversible_Damage/25-06-17_16-40-32_GW_ID_T55_150bar.h5,55,150,random,complete,,0.5108792135712864,True,alarm,0.3799085319042206,0.08536435450826373,True,0.5924489881311145,0.16353065414088114,True,0.8094477738652911,0.18837258858340128,True,0.961469196847507,0.16636648348399571,True,0.8406300033841815,0.15539303421974182,True
irreversible,T55_Irreversible_Damage/25-06-17_16-45-53_GW_ID_T55_350bar.h5,55,350,random,complete,,0.46933565437979163,True,alarm,0.29827925456421717,0.12880576934133256,True,0.4937845255647387,0.21335051102297647,False,0.7878940467323575,0.19925834025655473,True,0.7219227233103344,0.3428276947566441,False,0.6177001574209758,0.35323930851050783,True
irreversible,T55_Irreversible_Damage/25-06-17_16-51-44_GW_ID_T55_500bar.h5,55,500,random,complete,,0.4864183450364242,True,alarm,0.2734135980052607,0.1671418696641922,False,0.4973366068942206,0.24848962255886622,True,0.7639412581920624,0.28148813971451353,True,0.6287873131888253,0.4386294973748071,False,0.6362535570349012,0.4284044887338366,True
irreversible,T55_Irreversible_Damage/25-06-17_16-57-35_GW_ID_T55_600bar.h5,55,600,random,complete,,0.47879323952119857,True,no_alarm,0.26268292910286356,0.1507288600717272,False,0.4597058349422046,0.2382356801203319,False,0.769318448645728,0.23999710168157304,True,0.6033703301634107,0.43154728199754444,False,0.628846423966544,0.41457358854157583,True
irreversible,T55_Irreversible_Damage/25-06-17_17-05-05_GW_ID_T55_250bar.h5,55,250,random,complete,,0.4888905740587607,True,alarm,0.3357600952897753,0.13244724912302835,True,0.5652096803699221,0.20231442792075022,True,0.7837491525071008,0.25801930257252287,True,0.7695409421409879,0.3131150028535298,False,0.6026282672371183,0.32491639043603626,True
irreversible,T55_Irreversible_Damage/25-06-17_17-21-38_GW_ID_T55_450bar.h5,55,450,random,complete,,0.44824621603127557,True,alarm,0.28347013358558926,0.18141357387815202,False,0.5390341516051974,0.26070691858019146,True,0.7636570973055703,0.3021782615355083,True,0.6694660037755966,0.4831527535404478,False,0.6599094527108329,0.47172374597617556,True
irreversible,T55_Irreversible_Damage/25-06-17_17-26-56_GW_ID_T55_400bar.h5,55,400,random,complete,,0.4649578609413677,True,alarm,0.29517217193331036,0.16324786841869354,False,0.5485268554517201,0.23449430082525527,True,0.7634025322539466,0.2711388383592878,True,0.6890857730593,0.44323807529040743,False,0.6291885695287159,0.444951668381691,True
reversible,T55_Reversible_Damage/25-06-12_07-38-36_GW_RD_T55_700bar.h5,55,700,descending,complete,,0.6827869694156471,True,no_alarm,0.2065755794090884,0.09616786667278834,False,0.33356569175209316,0.17339877145630972,False,0.5377102824194091,0.14486843347549438,False,0.5177077800035477,0.29827678203582764,False,0.5809073873928615,0.30939517489501406,True
reversible,T55_Reversible_Damage/25-06-12_07-45-06_GW_RD_T55_650bar.h5,55,650,descending,complete,,0.6689634231834986,True,no_alarm,0.20374960133007594,0.09049384721687861,False,0.350788984979902,0.1638406217098236,False,0.5168786400130817,0.14520289429596492,False,0.5186690815857479,0.28540605093751636,False,0.5743711069226265,0.29582049804074423,False
reversible,T55_Reversible_Damage/25-06-12_07-51-39_GW_RD_T55_600bar.h5,55,600,descending,complete,,0.6653062284787027,True,no_alarm,0.20411774356450355,0.08608504278319222,False,0.36243114514010294,0.15758649153368814,False,0.5366446950605938,0.14477282975401198,False,0.5197508590562003,0.2774999886751175,False,0.5693022630044392,0.2881872079202107,False
reversible,T55_Reversible_Damage/25-06-12_08-04-21_GW_RD_T55_500bar.h5,55,500,descending,complete,,0.6675482860330362,True,no_alarm,0.20340987614222936,0.07632411164896828,False,0.39104471781424116,0.13468731301171438,False,0.5235693550535611,0.14876948509897506,False,0.5336654250110898,0.26049105184418814,False,0.5466675737074443,0.27917690787996563,False
reversible,T55_Reversible_Damage/25-06-12_08-10-39_GW_RD_T55_450bar.h5,55,450,descending,complete,,0.6468688162464779,True,no_alarm,0.2052971651511533,0.06896894105843135,False,0.39584981224366594,0.12535885189260756,False,0.5355611070990562,0.15113793100629533,False,0.5392837151885033,0.2459898931639535,False,0.5291756859847477,0.2675270565918514,False
reversible,T55_Reversible_Damage/25-06-12_08-17-36_GW_RD_T55_400bar.h5,55,400,descending,complete,,0.6262803284567294,True,no_alarm,0.21514146508915083,0.06047656067780086,False,0.39394306391477585,0.11569619817393166,False,0.5685805593218122,0.148197169814791,False,0.5522610630307879,0.20899705375943864,False,0.5114744720714433,0.23389868863991328,False
reversible,T55_Reversible_Damage/25-06-12_08-29-48_GW_RD_T55_350bar.h5,55,350,descending,complete,,0.630321143903084,True,no_alarm,0.20746634368385589,0.06146865231650216,False,0.4151944401008742,0.12790727615356445,False,0.5280264956610543,0.14872772991657257,False,0.5359049013682774,0.20934604746954782,False,0.5208026756133352,0.2286320243562971,False
reversible,T55_Reversible_Damage/25-06-12_08-36-18_GW_RD_T55_300bar.h5,55,300,descending,complete,,0.6574458726169277,True,no_alarm,0.2572821894926684,0.0477681394134249,False,0.4475500466568129,0.118478604725429,False,0.5560414024761745,0.1421706293310438,False,0.571883921112333,0.15017410261290415,False,0.49173739339624134,0.1540871730872563,False
reversible,T55_Reversible_Damage/25-06-12_08-42-51_GW_RD_T55_250bar.h5,55,250,descending,complete,,0.6676739562916214,True,no_alarm,0.24437729961105756,0.052977530019623895,False,0.42591701235089985,0.11393027220453535,False,0.5416862027985709,0.1456167655331748,False,0.6022898086479732,0.13171048036643437,False,0.4854432940483093,0.1308280506304332,False
reversible,T55_Reversible_Damage/25-06-12_08-49-15_GW_RD_T55_200bar.h5,55,200,descending,complete,,0.6603688542619015,True,no_alarm,0.2196399670626436,0.060800952570778985,False,0.40188111471278326,0.11995725333690643,False,0.5332149895174163,0.14917675299303873,False,0.653892348919596,0.1243646719626018,False,0.5074304991534778,0.12836555710860661,False
reversible,T55_Reversible_Damage/25-06-12_08-55-33_GW_RD_T55_150bar.h5,55,150,descending,complete,,0.6680329855897048,True,no_alarm,0.24463897996715137,0.06976506965500968,False,0.45074321648904253,0.11812762277466911,False,0.5538673996925354,0.1469879618712834,False,0.6998763659170696,0.12182348966598511,False,0.5213300266436168,0.09742400475910731,False
reversible,T55_Reversible_Damage/25-06-12_09-01-51_GW_RD_T55_100bar.h5,55,100,descending,complete,,0.6725440006075624,True,no_alarm,0.23859808540769986,0.0755688760961805,False,0.40921435611588614,0.12315182387828827,False,0.5402788275054523,0.14392743578978948,False,0.7482822452272687,0.10255460015365056,False,0.522780923971108,0.07683717140129634,False
reversible,T55_Reversible_Damage/25-06-12_09-08-48_GW_RD_T55_50bar.h5,55,50,descending,complete,,0.6998397193044068,True,no_alarm,0.22766070759722165,0.07856883321489606,False,0.3137447674359594,0.10168683954647609,False,0.5223121004445213,0.13634255528450012,False,0.7818624057940075,0.11313457999910627,False,0.5626548507383892,0.10928213809217725,False
reversible,T55_Reversible_Damage/25-06-12_09-22-12_GW_RD_T55_100bar.h5,55,100,random,complete,,0.6587876275108857,True,no_alarm,0.25316968985966276,0.07911267450877599,False,0.42174509167671204,0.13281596771308354,False,0.6351215605224881,0.23379160038062505,False,0.8322429997580392,0.18857598091874803,False,0.5975991295916694,0.2218305447271892,True
reversible,T55_Reversible_Damage/25-06-12_09-27-45_GW_RD_T55_650bar.h5,55,650,random,complete,,0.6465550974973119,True,no_alarm,0.21363099185483797,0.10307939776352473,False,0.3591135697705405,0.1829944827726909,False,0.47019311253513607,0.1682375179869788,False,0.5038981001291957,0.3210501904998507,False,0.5892018590654645,0.3137026961360659,True
reversible,T55_Reversible_Damage/25-06-12_09-33-15_GW_RD_T55_700bar.h5,55,700,random,complete,,0.7222936995995917,True,no_alarm,0.19862392065780504,0.10382078800882612,False,0.3245216618691172,0.18502189431871688,False,0.4107620833175523,0.13891716940062387,False,0.48029894488198416,0.2967624089547566,False,0.5752979825649943,0.3127923884562084,False
reversible,T55_Reversible_Damage/25-06-12_09-38-39_GW_RD_T55_300bar.h5,55,300,random,complete,,0.6650769448914934,True,no_alarm,0.23614887627107756,0.07185512355395726,False,0.3672028173293386,0.13229244947433472,False,0.3980891076581819,0.15325925605637686,False,0.44004256810460773,0.2291741669178009,False,0.4872628429106304,0.23730694821902684,False
reversible,T55_Reversible_Damage/25-06-12_09-43-57_GW_RD_T55_150bar.h5,55,150,random,complete,,0.6699201245265965,True,no_alarm,0.23533270508050919,0.08257960421698433,False,0.4532587102481297,0.14309605530330113,False,0.35783275429691586,0.13309730376516068,False,0.45027843969208853,0.15094494819641113,False,0.4166489711829594,0.1695166059902736,False
reversible,T55_Reversible_Damage/25-06-12_09-49-18_GW_RD_T55_350bar.h5,55,350,random,complete,,0.6310311873534203,True,no_alarm,0.20024830741541727,0.056791912232126505,False,0.3502335229090282,0.11793400772980281,False,0.3919161558151245,0.14066531189850398,False,0.459300486104829,0.1723880852971758,False,0.4871163102132933,0.1943475306034088,False
reversible,T55_Reversible_Damage/25-06-12_09-55-06_GW_RD_T55_500bar.h5,55,500,random,complete,,0.6232982235900234,True,no_alarm,0.24434412909405573,0.10837822939668383,False,0.4368042711700712,0.1693223033632551,False,0.4575026567493166,0.21394830516406468,False,0.5334221103361675,0.33055328258446287,False,0.5957606498684201,0.32050611291612896,True
reversible,T55_Reversible_Damage/25-06-12_10-01-00_GW_RD_T55_600bar.h5,55,600,random,complete,,0.6486433385173281,True,no_alarm,0.22765794236745154,0.0955427416733333,False,0.37933734165770666,0.1714689667735781,False,0.42671320906707216,0.17077483449663436,False,0.5036366411617824,0.29944930757795063,False,0.5727581030556134,0.2988095517669405,False
reversible,T55_Reversible_Damage/25-06-12_10-08-24_GW_RD_T55_250bar.h5,55,250,random,complete,,0.6709469230948902,True,no_alarm,0.25530743865030153,0.07791471268449511,False,0.46621926980359213,0.13050029746123723,False,0.4376174733042717,0.1792393113885607,False,0.46781143120356966,0.18964626320770808,False,0.4857183588402612,0.18400228236402785,False
reversible,T55_Reversible_Damage/25-06-12_10-25-00_GW_RD_T55_450bar.h5,55,450,random,complete,,0.5890202953157134,True,no_alarm,0.25038564258388113,0.12405302056244441,False,0.4694242849946022,0.18303971418312617,False,0.4676078973071916,0.24322431002344405,False,0.537182095859732,0.3846509690795626,False,0.6005857182400567,0.3723565808364323,True
reversible,T55_Reversible_Damage/25-06-12_10-30-18_GW_RD_T55_400bar.h5,55,400,random,complete,,0.5926786315527679,True,no_alarm,0.22505220557962144,0.0931342499596732,False,0.4467330404690334,0.15414243723664964,False,0.41989429614373613,0.19940863762583053,False,0.4872399206672396,0.295177412884576,False,0.5306684992143086,0.31692379287311007,False
reversible,T55_Reversible_Damage/25-06-12_10-35-39_GW_RD_T55_50bar.h5,55,50,random,complete,,0.72997265813862,True,no_alarm,0.20939484078969275,0.07560001739433833,False,0.29875861427613665,0.09946647073541369,False,0.44299836669649395,0.12952655340944016,False,0.6309202973331723,0.11580485957009452,False,0.49672010966709684,0.12072440343243736,False
reversible,T55_Reversible_Damage/25-06-12_10-41-00_GW_RD_T55_200bar.h5,55,200,random,complete,,0.6457590495311413,True,no_alarm,0.23359500670007297,0.14205765511308396,False,0.42760026667799267,0.20885559277875082,False,0.5094563354338918,0.2454019274030413,False,0.4928525484033993,0.3398406356573105,False,0.5205651064004216,0.3966953775712422,False
baseline,T31_Baseline/25-06-03_09-48-47_GW_Baseline_T31_150bar.h5,31,150,random,invalid_missing_frozen_reference,official_baseline_anomaly,,False,abstain_support,,,,,,,,,,,,,,,
irreversible,T31_Irreversible_Damage/25-06-13_16-04-10_GW_ID_T31_150bar.h5,31,150,descending,invalid_missing_frozen_reference,official_baseline_anomaly,,False,abstain_support,,,,,,,,,,,,,,,
irreversible,T31_Irreversible_Damage/25-06-13_16-52-34_GW_ID_T31_150bar.h5,31,150,random,invalid_missing_frozen_reference,official_baseline_anomaly,,False,abstain_support,,,,,,,,,,,,,,,
reversible,T31_Reversible_Damage/25-06-10_08-59-42_GW_RD_T31_150bar.h5,31,150,descending,invalid_missing_frozen_reference,official_baseline_anomaly,,False,abstain_support,,,,,,,,,,,,,,,
reversible,T31_Reversible_Damage/25-06-10_09-48-09_GW_RD_T31_150bar.h5,31,150,random,invalid_missing_frozen_reference,official_baseline_anomaly,,False,abstain_support,,,,,,,,,,,,,,,
irreversible,T37_Irreversible_Damage/25-06-16_09-19-54_GW_ID_T37_50bar.h5,37,50,descending,invalid_missing_support_metadata,missing required support metadata: MetaData/Pressure,,False,abstain_support,,,,,,,,,,,,,,,
irreversible,T37_Irreversible_Damage/25-06-16_10-46-51_GW_ID_T37_50bar.h5,37,50,random,invalid_missing_support_metadata,missing required support metadata: MetaData/Pressure,,False,abstain_support,,,,,,,,,,,,,,,
irreversible,T37_Irreversible_Damage/25-06-16_09-12-57_GW_ID_T37_100bar.h5,37,100,descending,invalid_missing_support_metadata,missing required support metadata: MetaData/Pressure,,False,abstain_support,,,,,,,,,,,,,,,
irreversible,T37_Irreversible_Damage/25-06-16_09-33-18_GW_ID_T37_100bar.h5,37,100,random,invalid_missing_support_metadata,missing required support metadata: MetaData/Pressure,,False,abstain_support,,,,,,,,,,,,,,,
irreversible,T37_Irreversible_Damage/25-06-16_09-06-39_GW_ID_T37_150bar.h5,37,150,descending,invalid_missing_support_metadata,missing required support metadata: MetaData/Pressure,,False,abstain_support,,,,,,,,,,,,,,,
irreversible,T37_Irreversible_Damage/25-06-16_09-55-03_GW_ID_T37_150bar.h5,37,150,random,invalid_missing_support_metadata,missing required support metadata: MetaData/Pressure,,False,abstain_support,,,,,,,,,,,,,,,
irreversible,T37_Irreversible_Damage/25-06-16_09-00-21_GW_ID_T37_200bar.h5,37,200,descending,invalid_missing_support_metadata,missing required support metadata: MetaData/Pressure,,False,abstain_support,,,,,,,,,,,,,,,
irreversible,T37_Irreversible_Damage/25-06-16_10-52-09_GW_ID_T37_200bar.h5,37,200,random,invalid_missing_support_metadata,missing required support metadata: MetaData/Pressure,,False,abstain_support,,,,,,,,,,,,,,,
irreversible,T37_Irreversible_Damage/25-06-16_08-53-57_GW_ID_T37_250bar.h5,37,250,descending,invalid_missing_support_metadata,missing required support metadata: MetaData/Pressure,,False,abstain_support,,,,,,,,,,,,,,,
irreversible,T37_Irreversible_Damage/25-06-16_10-19-36_GW_ID_T37_250bar.h5,37,250,random,invalid_missing_support_metadata,missing required support metadata: MetaData/Pressure,,False,abstain_support,,,,,,,,,,,,,,,
irreversible,T37_Irreversible_Damage/25-06-16_08-47-24_GW_ID_T37_300bar.h5,37,300,descending,invalid_missing_support_metadata,missing required support metadata: MetaData/Pressure,,False,abstain_support,,,,,,,,,,,,,,,
irreversible,T37_Irreversible_Damage/25-06-16_09-49-45_GW_ID_T37_300bar.h5,37,300,random,invalid_missing_support_metadata,missing required support metadata: MetaData/Pressure,,False,abstain_support,,,,,,,,,,,,,,,
irreversible,T37_Irreversible_Damage/25-06-16_08-40-54_GW_ID_T37_350bar.h5,37,350,descending,invalid_missing_support_metadata,missing required support metadata: MetaData/Pressure,,False,abstain_support,,,,,,,,,,,,,,,
irreversible,T37_Irreversible_Damage/25-06-16_10-00-24_GW_ID_T37_350bar.h5,37,350,random,invalid_missing_support_metadata,missing required support metadata: MetaData/Pressure,,False,abstain_support,,,,,,,,,,,,,,,
irreversible,T37_Irreversible_Damage/25-06-16_08-28-36_GW_ID_T37_400bar.h5,37,400,descending,invalid_missing_support_metadata,missing required support metadata: MetaData/Pressure,,False,abstain_support,,,,,,,,,,,,,,,
irreversible,T37_Irreversible_Damage/25-06-16_10-41-27_GW_ID_T37_400bar.h5,37,400,random,invalid_missing_support_metadata,missing required support metadata: MetaData/Pressure,,False,abstain_support,,,,,,,,,,,,,,,
irreversible,T37_Irreversible_Damage/25-06-16_08-21-42_GW_ID_T37_450bar.h5,37,450,descending,invalid_missing_support_metadata,missing required support metadata: MetaData/Pressure,,False,abstain_support,,,,,,,,,,,,,,,
irreversible,T37_Irreversible_Damage/25-06-16_10-36-09_GW_ID_T37_450bar.h5,37,450,random,invalid_missing_support_metadata,missing required support metadata: MetaData/Pressure,,False,abstain_support,,,,,,,,,,,,,,,
irreversible,T37_Irreversible_Damage/25-06-16_08-15-24_GW_ID_T37_500bar.h5,37,500,descending,invalid_missing_support_metadata,missing required support metadata: MetaData/Pressure,,False,abstain_support,,,,,,,,,,,,,,,
irreversible,T37_Irreversible_Damage/25-06-16_10-06-15_GW_ID_T37_500bar.h5,37,500,random,invalid_missing_support_metadata,missing required support metadata: MetaData/Pressure,,False,abstain_support,,,,,,,,,,,,,,,
irreversible,T37_Irreversible_Damage/25-06-16_08-09-06_GW_ID_T37_550bar.h5,37,550,descending,invalid_missing_support_metadata,missing required support metadata: MetaData/Pressure,,False,abstain_support,,,,,,,,,,,,,,,
irreversible,T37_Irreversible_Damage/25-06-16_10-25-06_GW_ID_T37_550bar.h5,37,550,random,invalid_missing_support_metadata,missing required support metadata: MetaData/Pressure,,False,abstain_support,,,,,,,,,,,,,,,
irreversible,T37_Irreversible_Damage/25-06-16_08-02-42_GW_ID_T37_600bar.h5,37,600,descending,invalid_missing_support_metadata,missing required support metadata: MetaData/Pressure,,False,abstain_support,,,,,,,,,,,,,,,
irreversible,T37_Irreversible_Damage/25-06-16_10-12-06_GW_ID_T37_600bar.h5,37,600,random,invalid_missing_support_metadata,missing required support metadata: MetaData/Pressure,,False,abstain_support,,,,,,,,,,,,,,,
irreversible,T37_Irreversible_Damage/25-06-16_07-56-09_GW_ID_T37_650bar.h5,37,650,descending,invalid_missing_support_metadata,missing required support metadata: MetaData/Pressure,,False,abstain_support,,,,,,,,,,,,,,,
irreversible,T37_Irreversible_Damage/25-06-16_09-38-51_GW_ID_T37_650bar.h5,37,650,random,invalid_missing_support_metadata,missing required support metadata: MetaData/Pressure,,False,abstain_support,,,,,,,,,,,,,,,
irreversible,T37_Irreversible_Damage/25-06-16_07-49-39_GW_ID_T37_700bar.h5,37,700,descending,invalid_missing_support_metadata,missing required support metadata: MetaData/Pressure,,False,abstain_support,,,,,,,,,,,,,,,
irreversible,T37_Irreversible_Damage/25-06-16_09-44-24_GW_ID_T37_700bar.h5,37,700,random,invalid_missing_support_metadata,missing required support metadata: MetaData/Pressure,,False,abstain_support,,,,,,,,,,,,,,,
baseline,T49_Baseline/25-06-04_18-42-14_GW_Baseline_T49_550bar.h5,49,550,random,invalid_missing_frozen_reference,official_baseline_anomaly,,False,abstain_support,,,,,,,,,,,,,,,
irreversible,T49_Irreversible_Damage/25-06-17_08-26-04_GW_ID_T49_550bar.h5,49,550,descending,invalid_missing_frozen_reference,official_baseline_anomaly,,False,abstain_support,,,,,,,,,,,,,,,
irreversible,T49_Irreversible_Damage/25-06-17_10-41-58_GW_ID_T49_550bar.h5,49,550,random,invalid_missing_frozen_reference,official_baseline_anomaly,,False,abstain_support,,,,,,,,,,,,,,,
reversible,T49_Reversible_Damage/25-06-11_14-15-33_GW_RD_T49_550bar.h5,49,550,descending,invalid_missing_frozen_reference,official_baseline_anomaly,,False,abstain_support,,,,,,,,,,,,,,,
reversible,T49_Reversible_Damage/25-06-11_16-31-27_GW_RD_T49_550bar.h5,49,550,random,invalid_missing_frozen_reference,official_baseline_anomaly,,False,abstain_support,,,,,,,,,,,,,,,
irreversible,T55_Irreversible_Damage/25-06-17_17-32-20_GW_ID_T55_50bar.h5,55,50,random,invalid_missing_support_metadata,missing required support metadata: MetaData/Pressure,,False,abstain_support,,,,,,,,,,,,,,,
irreversible,T55_Irreversible_Damage/25-06-17_17-35-29_GW_ID_T55_200bar.h5,55,200,random,invalid_missing_support_metadata,missing required support metadata: MetaData/Pressure,,False,abstain_support,,,,,,,,,,,,,,,
baseline,T55_Baseline/25-06-05_11-01-03_GW_Baseline_T55_550bar.h5,55,550,random,invalid_missing_frozen_reference,official_baseline_anomaly,,False,abstain_support,,,,,,,,,,,,,,,
irreversible,T55_Irreversible_Damage/25-06-17_14-54-31_GW_ID_T55_550bar.h5,55,550,descending,invalid_missing_frozen_reference,official_baseline_anomaly,,False,abstain_support,,,,,,,,,,,,,,,
irreversible,T55_Irreversible_Damage/25-06-17_17-10-35_GW_ID_T55_550bar.h5,55,550,random,invalid_missing_frozen_reference,official_baseline_anomaly,,False,abstain_support,,,,,,,,,,,,,,,
reversible,T55_Reversible_Damage/25-06-12_07-58-03_GW_RD_T55_550bar.h5,55,550,descending,invalid_missing_frozen_reference,official_baseline_anomaly,,False,abstain_support,,,,,,,,,,,,,,,
reversible,T55_Reversible_Damage/25-06-12_10-13-57_GW_RD_T55_550bar.h5,55,550,random,invalid_missing_frozen_reference,official_baseline_anomaly,,False,abstain_support,,,,,,,,,,,,,,,
